,id,purpose,go_with,weather,time,viettel_no_0,viettel_no_1,viettel_no_2,score,direction
0,7067,travel,alone,sunny,afternoon,1,0,0,5,0
1,2114,travel,friends,sunny,afternoon,1,1,0,4,0
2,6582,travel,family,sunny,morning,1,1,0,0,0
3,11379,travel,family,sunny,afternoon,1,0,0,0,0
4,3986,travel,alone,sunny,evening,1,0,0,3,1
5,18895,work,alone,sunny,morning,1,1,1,0,0
6,15411,work,alone,sunny,morning,1,0,0,0,0
7,9479,travel,friends,sunny,afternoon,1,1,0,0,0
8,6066,work,alone,sunny,morning,1,1,1,0,0
9,4993,travel,friends,sunny,evening,1,1,0,0,0
10,16677,travel,family,sunny,afternoon,1,0,0,14,0
11,12449,travel,family,sunny,afternoon,1,1,0,15,0
12,7488,travel,friends,sunny,morning,1,1,0,0,0
13,16063,travel,friends,sunny,afternoon,1,0,0,0,0
14,3687,travel,alone,sunny,morning,1,0,0,3,0
15,19554,travel,friends,sunny,morning,1,0,0,5,0
16,13548,travel,friends,sunny,afternoon,1,1,0,0,0
17,9635,travel,friends,sunny,afternoon,1,1,0,8,0
18,9065,travel,alone,sunny,evening,1,0,0,4,1
19,9063,travel,alone,sunny,afternoon,1,0,0,18,0
20,4097,travel,friends,sunny,afternoon,1,1,0,21,0
21,16457,travel,family,sunny,afternoon,1,0,0,0,0
22,5225,travel,alone,sunny,evening,1,1,0,0,0
23,14587,travel,alone,sunny,evening,1,0,0,0,0
24,11945,work,alone,sunny,morning,1,1,1,0,0
25,19981,work,alone,sunny,morning,1,1,1,20,0
26,5942,work,alone,sunny,morning,1,1,0,16,0
27,2482,work,alone,sunny,morning,1,0,0,0,0
28,1331,travel,alone,sunny,morning,1,0,0,0,0
29,10734,work,alone,sunny,morning,1,1,0,0,0
30,2379,travel,friends,sunny,morning,1,1,0,0,0
31,16826,travel,friends,sunny,evening,1,1,0,3,0
32,4701,travel,friends,sunny,morning,1,1,0,5,0
33,10078,travel,family,sunny,morning,1,1,0,0,0
34,2810,travel,family,sunny,morning,1,1,0,0,0
35,8146,travel,friends,sunny,morning,1,0,0,0,0
36,15925,travel,friends,sunny,morning,1,0,0,0,0
37,10381,travel,family,sunny,afternoon,1,1,0,0,0
38,7211,work,alone,sunny,morning,1,1,1,28,0
39,5365,travel,friends,sunny,morning,1,0,0,0,0
40,16974,travel,friends,sunny,afternoon,1,0,0,0,0
41,16815,travel,alone,sunny,morning,1,0,0,0,0
42,14365,travel,alone,sunny,afternoon,1,0,0,0,1
43,2638,work,alone,sunny,morning,1,1,1,0,0
44,1731,travel,alone,sunny,afternoon,1,0,0,0,0
45,14732,travel,friends,sunny,morning,1,1,0,10,0
46,5080,travel,friends,sunny,afternoon,1,1,0,0,0
47,10049,travel,friends,sunny,afternoon,1,1,0,8,0
48,18547,work,alone,sunny,morning,1,1,1,0,0
49,3506,work,alone,sunny,morning,1,0,0,0,0
50,13943,travel,friends,sunny,morning,1,1,0,1,0
51,14077,travel,family,sunny,morning,1,1,0,0,0
52,18165,travel,friends,sunny,morning,1,0,0,0,0
53,17178,work,alone,sunny,morning,1,0,0,0,0
54,12426,travel,family,sunny,afternoon,1,1,0,0,0
55,1819,travel,alone,sunny,afternoon,1,0,0,0,1
56,8067,travel,family,sunny,morning,1,1,0,0,0
57,14390,travel,family,sunny,afternoon,1,0,0,0,0
58,6548,work,alone,sunny,morning,1,0,0,0,0
59,8922,travel,friends,sunny,afternoon,1,1,0,6,0
60,8231,travel,friends,sunny,morning,1,0,0,27,0
61,16405,travel,family,sunny,morning,1,0,0,0,0
62,5619,travel,family,sunny,morning,1,0,0,18,0
63,15489,travel,family,sunny,morning,1,1,0,0,0
64,12882,travel,family,sunny,afternoon,1,1,0,31,0
65,16852,travel,family,sunny,morning,1,1,0,0,0
66,14790,travel,family,sunny,morning,1,0,0,0,0
67,19292,work,alone,sunny,morning,1,0,0,0,1
68,9334,travel,friends,sunny,afternoon,1,0,0,0,0
69,3171,travel,alone,sunny,afternoon,1,0,0,0,0
70,11211,travel,friends,sunny,afternoon,1,0,0,0,0
71,9767,travel,friends,sunny,morning,1,1,0,0,0
72,13703,work,alone,sunny,morning,1,1,0,0,0
73,19696,work,alone,sunny,morning,1,0,0,8,1
74,6430,travel,friends,sunny,evening,1,1,0,3,0
75,17396,work,alone,sunny,morning,1,1,0,0,0
76,18477,travel,friends,sunny,afternoon,1,1,0,0,0
77,5744,travel,alone,sunny,afternoon,1,0,0,4,0
78,7946,travel,friends,sunny,afternoon,1,1,0,0,0
79,18508,travel,alone,sunny,afternoon,1,0,0,0,0
80,9598,travel,friends,sunny,morning,1,0,0,0,0
81,9750,travel,friends,sunny,afternoon,1,1,0,0,0
82,18244,travel,friends,sunny,afternoon,1,1,0,6,0
83,6675,travel,friends,sunny,evening,1,1,0,5,0
84,14529,travel,family,sunny,morning,1,1,0,0,0
85,1073,travel,family,sunny,afternoon,1,1,0,0,0
86,13544,travel,alone,sunny,evening,1,1,0,4,0
87,17137,travel,alone,sunny,evening,1,0,0,0,0
88,5063,work,alone,sunny,morning,1,0,0,0,1
89,13362,work,alone,sunny,morning,1,0,0,3,0
90,2626,travel,friends,sunny,afternoon,1,0,0,0,0
91,8488,travel,friends,sunny,morning,1,1,0,1,0
92,4761,travel,friends,sunny,afternoon,1,0,0,0,0
93,12088,travel,friends,sunny,afternoon,1,1,0,0,0
94,12726,travel,alone,sunny,evening,1,0,0,0,0
95,18936,travel,friends,sunny,morning,1,0,0,0,0
96,3634,travel,alone,sunny,evening,1,1,0,0,0
97,16141,work,alone,sunny,morning,1,0,0,0,1
98,8449,travel,friends,sunny,morning,1,1,0,0,0
99,13925,travel,friends,sunny,afternoon,1,1,0,0,0
100,3380,travel,friends,sunny,afternoon,1,0,0,17,0
101,14493,travel,alone,sunny,evening,1,1,0,19,0
102,7757,travel,alone,sunny,evening,1,0,0,0,0
103,3825,work,alone,sunny,morning,1,0,0,0,1
104,10231,travel,friends,sunny,morning,1,0,0,0,0
105,17615,travel,friends,sunny,afternoon,1,1,0,0,0
106,5661,travel,family,sunny,morning,1,0,0,0,0
107,11017,travel,alone,sunny,evening,1,0,0,27,1
108,6453,travel,alone,sunny,afternoon,1,0,0,35,0
109,11563,travel,friends,sunny,morning,1,0,0,0,0
110,16302,travel,alone,sunny,afternoon,1,1,0,0,0
111,7722,work,alone,sunny,morning,1,0,0,0,1
112,17288,work,alone,sunny,morning,1,0,0,0,0
113,8434,travel,friends,sunny,morning,1,1,0,0,0
114,9457,travel,friends,sunny,afternoon,1,1,0,0,0
115,13340,travel,friends,sunny,morning,1,1,0,0,0
116,17357,travel,family,sunny,afternoon,1,0,0,14,0
117,14420,travel,alone,sunny,afternoon,1,0,0,0,1
118,19905,travel,friends,sunny,morning,1,0,0,0,0
119,12980,travel,friends,sunny,afternoon,1,1,0,0,0
120,5028,travel,friends,sunny,afternoon,1,1,0,0,0
121,7136,travel,alone,sunny,afternoon,1,0,0,3,1
122,7566,travel,alone,sunny,evening,1,0,0,0,0
123,13031,work,alone,sunny,morning,1,1,1,1,0
124,12987,work,alone,sunny,morning,1,1,0,4,0
125,4074,travel,friends,sunny,afternoon,1,1,0,0,0
126,7751,work,alone,sunny,morning,1,0,0,0,1
127,1878,work,alone,sunny,morning,1,0,0,0,0
128,12773,travel,friends,sunny,afternoon,1,1,0,0,0
129,18388,work,alone,sunny,morning,1,1,1,0,0
130,13316,work,alone,sunny,morning,1,1,0,14,0
131,10256,travel,friends,sunny,morning,1,1,0,0,0
132,13853,travel,friends,sunny,morning,1,1,0,0,0
133,15067,travel,family,sunny,afternoon,1,1,0,0,0
134,11161,work,alone,sunny,morning,1,0,0,0,1
135,6458,travel,friends,sunny,evening,1,1,0,25,0
136,17704,travel,friends,sunny,afternoon,1,1,0,0,0
137,14936,travel,friends,sunny,afternoon,1,0,0,22,0
138,5420,travel,friends,sunny,morning,1,0,0,0,0
139,11993,work,alone,sunny,morning,1,0,0,0,1
140,15894,travel,family,sunny,morning,1,1,0,5,0
141,6198,travel,friends,sunny,afternoon,1,1,0,0,0
142,14947,travel,alone,sunny,evening,1,1,0,0,0
143,15520,work,alone,sunny,morning,1,1,1,0,0
144,11475,work,alone,sunny,morning,1,0,0,0,0
145,16290,travel,alone,sunny,afternoon,1,0,0,2,0
146,4277,travel,friends,sunny,evening,1,1,0,1,0
147,10917,work,alone,sunny,morning,1,0,0,0,0
148,12526,travel,friends,sunny,evening,1,1,0,9,0
149,18888,travel,alone,sunny,evening,1,0,0,0,1
150,2485,work,alone,sunny,morning,1,1,1,0,0
151,8264,work,alone,sunny,morning,1,0,0,0,0
152,7467,travel,family,sunny,morning,1,0,0,71,0
153,15555,travel,family,sunny,morning,1,1,0,0,0
154,17837,travel,friends,sunny,morning,1,1,0,35,0
155,1064,travel,friends,sunny,afternoon,1,1,0,0,0
156,17132,travel,friends,sunny,afternoon,1,1,0,27,0
157,4461,travel,alone,sunny,afternoon,1,0,0,16,0
158,10434,travel,friends,sunny,morning,1,1,0,0,0
159,11410,travel,friends,sunny,afternoon,1,1,0,0,0
160,1586,travel,friends,sunny,afternoon,1,1,0,0,0
161,11016,travel,friends,sunny,afternoon,1,1,0,0,0
162,19876,travel,family,sunny,morning,1,1,0,0,0
163,16749,work,alone,sunny,morning,1,1,1,9,0
164,19378,travel,friends,sunny,evening,1,1,0,0,0
165,12226,travel,friends,sunny,afternoon,1,1,0,9,0
166,4112,travel,family,sunny,afternoon,1,0,0,0,0
167,17670,travel,alone,sunny,afternoon,1,0,0,0,0
168,13970,travel,friends,sunny,morning,1,1,0,0,0
169,5472,travel,friends,sunny,morning,1,1,0,0,0
170,2074,travel,friends,sunny,evening,1,1,0,0,0
171,8553,travel,friends,sunny,afternoon,1,1,0,0,0
172,12014,travel,family,sunny,morning,1,0,0,0,0
173,16930,travel,alone,sunny,morning,1,0,0,0,0
174,17031,travel,friends,sunny,evening,1,1,0,8,0
175,17678,work,alone,sunny,morning,1,1,0,0,0
176,1729,work,alone,sunny,morning,1,0,0,5,0
177,17789,travel,friends,sunny,evening,1,0,0,7,0
178,15305,travel,friends,sunny,afternoon,1,1,0,9,0
179,6718,work,alone,sunny,morning,1,1,1,0,0
180,7070,work,alone,sunny,morning,1,0,0,0,1
181,2678,work,alone,sunny,morning,1,0,0,0,0
182,9926,travel,alone,sunny,afternoon,1,0,0,26,0
183,1152,travel,friends,sunny,afternoon,1,1,0,18,0
184,2862,travel,family,sunny,morning,1,0,0,0,0
185,5907,travel,alone,sunny,afternoon,1,0,0,14,0
186,8862,travel,friends,sunny,morning,1,0,0,13,0
187,7710,travel,family,sunny,morning,1,0,0,12,0
188,13706,travel,alone,sunny,afternoon,1,0,0,12,1
189,18206,work,alone,sunny,morning,1,1,1,0,0
190,9865,travel,friends,sunny,evening,1,1,0,5,0
191,7194,travel,family,sunny,morning,1,1,0,0,0
192,13168,travel,family,sunny,morning,1,0,0,0,0
193,9785,travel,friends,sunny,afternoon,1,1,0,7,0
194,8934,travel,friends,sunny,afternoon,1,1,0,8,0
195,6528,travel,family,sunny,afternoon,1,0,0,10,0
196,9770,travel,alone,sunny,afternoon,1,0,0,0,1
197,8311,work,alone,sunny,morning,1,0,0,0,0
198,7264,travel,friends,sunny,morning,1,0,0,0,0
199,8305,travel,family,sunny,morning,1,1,0,0,0
200,16012,travel,family,sunny,afternoon,1,0,0,0,0
201,6235,travel,family,sunny,evening,1,1,0,0,0
202,16095,travel,alone,sunny,evening,1,1,0,0,0
203,9340,work,alone,sunny,morning,1,0,0,0,0
204,12134,travel,family,sunny,afternoon,1,0,0,0,0
205,2193,travel,family,sunny,evening,1,1,0,0,0
206,1756,travel,friends,sunny,afternoon,1,1,0,0,0
207,3676,travel,friends,sunny,afternoon,1,1,0,0,0
208,1533,travel,alone,sunny,morning,1,0,0,5,0
209,14473,work,alone,sunny,morning,1,1,0,0,0
210,8324,work,alone,sunny,morning,1,0,0,0,0
211,7341,travel,friends,sunny,morning,1,1,0,0,0
212,1604,travel,family,sunny,morning,1,1,0,0,0
213,7100,travel,family,sunny,afternoon,1,0,0,0,0
214,4166,work,alone,sunny,morning,1,1,1,0,0
215,10150,work,alone,sunny,morning,1,1,0,0,0
216,11348,travel,friends,sunny,morning,1,1,0,1,0
217,14785,travel,family,sunny,afternoon,1,0,0,0,0
218,16551,work,alone,sunny,morning,1,0,0,12,1
219,1297,travel,friends,sunny,evening,1,1,0,0,0
220,19400,travel,alone,sunny,evening,1,1,0,2,0
221,19934,work,alone,sunny,morning,1,0,0,3,0
222,10678,travel,family,sunny,morning,1,1,0,35,0
223,19203,travel,alone,sunny,evening,1,0,0,0,1
224,12404,work,alone,sunny,morning,1,0,0,0,1
225,3752,travel,friends,sunny,afternoon,1,1,0,3,0
226,1767,travel,alone,sunny,evening,1,0,0,0,1
227,8863,work,alone,sunny,morning,1,0,0,30,1
228,7803,travel,alone,sunny,evening,1,0,0,0,1
229,10109,work,alone,sunny,morning,1,1,1,0,0
230,1745,work,alone,sunny,morning,1,0,0,0,1
231,19183,travel,friends,sunny,afternoon,1,1,0,0,0
232,11321,travel,alone,sunny,evening,1,1,1,12,0
233,3944,travel,family,sunny,afternoon,1,0,0,0,0
234,16676,travel,alone,sunny,evening,1,0,0,0,1
235,15348,travel,family,sunny,evening,1,0,0,0,0
236,14642,work,alone,sunny,morning,1,1,1,10,0
237,9539,travel,alone,sunny,afternoon,1,1,0,5,0
238,10207,travel,friends,sunny,afternoon,1,1,0,38,0
239,19332,work,alone,sunny,morning,1,0,0,43,1
240,18137,travel,friends,sunny,morning,1,1,0,0,0
241,5999,travel,friends,sunny,afternoon,1,0,0,0,0
242,7513,travel,friends,sunny,morning,1,1,0,12,0
243,3119,travel,friends,sunny,evening,1,1,0,0,0
244,13203,travel,family,sunny,morning,1,1,0,13,0
245,1298,travel,family,sunny,afternoon,1,0,0,0,0
246,1555,work,alone,sunny,morning,1,1,1,0,0
247,3851,travel,family,sunny,morning,1,0,0,8,0
248,3297,travel,friends,sunny,evening,1,1,0,10,0
249,13662,travel,alone,sunny,afternoon,1,0,0,0,0
250,14054,work,alone,sunny,morning,1,1,1,0,0
251,14020,travel,friends,sunny,morning,1,1,0,0,0
252,5346,travel,friends,sunny,morning,1,1,0,0,0
253,2946,travel,friends,sunny,afternoon,1,0,0,8,0
254,1476,travel,alone,sunny,afternoon,1,1,0,13,0
255,15599,travel,alone,sunny,afternoon,1,0,0,0,1
256,17972,work,alone,sunny,morning,1,0,0,0,1
257,18032,travel,friends,sunny,morning,1,1,0,0,0
258,17785,travel,family,sunny,afternoon,1,0,0,0,0
259,15859,travel,family,sunny,evening,1,1,0,0,0
260,18606,travel,alone,sunny,morning,1,0,0,0,0
261,3422,travel,friends,sunny,afternoon,1,1,0,0,0
262,9234,travel,family,sunny,morning,1,0,0,15,0
263,8570,travel,alone,sunny,night,1,0,0,0,1
264,16616,travel,alone,sunny,night,1,0,0,12,1
265,8118,travel,friends,sunny,evening,1,1,0,0,0
266,13858,travel,family,sunny,morning,1,1,0,0,0
267,12922,travel,alone,sunny,evening,1,0,0,0,1
268,2445,work,alone,sunny,morning,1,1,1,0,0
269,2169,travel,family,sunny,evening,1,0,0,0,0
270,6141,travel,family,sunny,morning,1,0,0,0,0
271,1143,travel,friends,sunny,afternoon,1,0,0,0,0
272,8276,travel,alone,sunny,morning,1,1,0,11,0
273,10283,travel,friends,sunny,morning,1,1,0,0,0
274,19622,work,alone,sunny,morning,1,1,1,0,0
275,18844,work,alone,sunny,morning,1,1,1,0,0
276,8715,work,alone,sunny,morning,1,1,1,2,0
277,10513,work,alone,sunny,morning,1,0,0,0,1
278,14834,travel,friends,sunny,evening,1,1,0,3,0
279,15778,travel,alone,sunny,afternoon,1,0,0,4,1
280,2941,work,alone,sunny,morning,1,0,0,0,1
281,15095,work,alone,sunny,morning,1,1,1,4,0
282,12964,travel,alone,sunny,evening,1,0,0,0,1
283,8812,travel,alone,sunny,afternoon,1,0,0,18,1
284,14806,travel,alone,sunny,night,1,0,0,12,1
285,10738,travel,alone,sunny,night,1,0,0,0,1
286,7504,travel,friends,sunny,afternoon,1,0,0,21,0
287,12608,travel,alone,sunny,night,1,1,0,0,1
288,13574,travel,alone,sunny,night,1,0,0,0,1
289,3187,work,alone,sunny,morning,1,1,0,26,0
290,2639,travel,friends,sunny,morning,1,0,0,0,0
291,5548,travel,alone,sunny,afternoon,1,1,0,14,0
292,7286,travel,alone,sunny,evening,1,0,0,13,1
293,4288,work,alone,sunny,morning,1,1,0,0,1
294,17862,travel,alone,sunny,night,1,0,0,20,1
295,3591,travel,alone,sunny,night,1,0,0,0,1
296,9563,travel,friends,sunny,evening,1,1,0,23,0
297,11970,travel,alone,sunny,evening,1,0,0,0,1
298,3605,work,alone,sunny,morning,1,1,0,24,1
299,19477,work,alone,sunny,morning,1,0,0,0,1
300,5918,travel,friends,sunny,afternoon,1,0,0,0,0
301,6177,travel,alone,sunny,evening,1,1,0,0,0
302,13397,travel,alone,sunny,evening,1,0,0,10,1
303,9045,work,alone,sunny,morning,1,0,0,0,1
304,15769,work,alone,sunny,morning,1,1,1,0,0
305,14957,work,alone,sunny,morning,1,0,0,0,1
306,18762,travel,friends,sunny,morning,1,1,0,11,0
307,2175,travel,friends,sunny,evening,1,1,0,0,0
308,8895,travel,alone,sunny,night,1,1,1,0,0
309,9328,travel,alone,sunny,evening,1,0,0,0,1
310,1300,travel,alone,sunny,evening,1,0,0,18,1
311,10171,work,alone,sunny,morning,1,1,1,0,0
312,1276,work,alone,sunny,morning,1,1,0,15,0
313,2340,travel,friends,sunny,morning,1,1,0,0,0
314,13501,travel,family,sunny,morning,1,1,0,0,0
315,17545,travel,family,sunny,afternoon,1,0,0,13,0
316,9718,travel,family,sunny,evening,1,0,0,0,0
317,8055,travel,alone,sunny,afternoon,1,0,0,0,1
318,6555,work,alone,sunny,morning,1,1,1,16,0
319,9794,travel,alone,sunny,night,1,0,0,6,1
320,5013,work,alone,sunny,morning,1,1,0,0,1
321,17394,work,alone,sunny,morning,1,0,0,0,1
322,2970,travel,friends,sunny,morning,1,1,0,0,0
323,17481,travel,family,sunny,evening,1,0,0,23,0
324,5432,travel,friends,sunny,afternoon,1,1,0,0,0
325,10972,travel,alone,sunny,afternoon,1,0,0,0,1
326,11958,travel,alone,sunny,night,1,1,1,17,0
327,16777,travel,alone,sunny,evening,1,0,0,0,1
328,5130,work,alone,sunny,morning,1,0,0,0,1
329,17948,travel,friends,sunny,afternoon,1,1,0,0,0
330,4494,travel,friends,sunny,evening,1,1,0,0,0
331,16362,travel,friends,sunny,afternoon,1,0,0,0,0
332,4715,travel,alone,sunny,night,1,1,1,0,0
333,9519,travel,alone,sunny,afternoon,1,1,1,0,0
334,16610,work,alone,sunny,morning,1,0,0,9,1
335,15580,travel,friends,sunny,afternoon,1,1,0,27,0
336,7143,travel,family,sunny,afternoon,1,1,0,0,0
337,2725,travel,alone,sunny,evening,1,1,0,0,1
338,12348,work,alone,sunny,morning,1,1,1,0,0
339,17946,travel,alone,sunny,evening,1,0,0,18,0
340,16133,travel,friends,sunny,night,1,0,0,0,0
341,7280,work,alone,sunny,morning,1,1,1,0,0
342,11003,travel,family,rainy,evening,1,1,0,0,0
343,3568,travel,family,sunny,afternoon,1,1,1,1,0
344,4446,work,alone,sunny,morning,1,1,1,0,0
345,12886,work,alone,sunny,morning,1,1,0,0,1
346,15768,work,alone,sunny,morning,1,0,0,1,0
347,9619,travel,friends,sunny,night,1,0,0,0,0
348,11539,travel,alone,sunny,afternoon,1,1,0,0,0
349,15821,travel,family,rainy,afternoon,1,1,0,0,0
350,13884,travel,alone,sunny,morning,1,1,0,0,0
351,18591,travel,friends,snowy,morning,1,1,0,26,0
352,15389,travel,alone,sunny,afternoon,1,0,0,0,1
353,9412,travel,family,sunny,evening,1,1,0,0,0
354,6254,travel,family,sunny,morning,1,1,0,0,0
355,8421,travel,alone,sunny,evening,1,1,0,0,1
356,3069,work,alone,sunny,morning,1,0,0,17,1
357,11323,travel,alone,sunny,evening,1,1,0,0,1
358,17672,travel,alone,snowy,night,1,0,0,0,0
359,16167,work,alone,rainy,morning,1,1,1,6,0
360,13817,travel,friends,sunny,evening,1,0,0,46,0
361,16077,travel,alone,sunny,morning,1,0,0,0,0
362,3335,work,alone,snowy,morning,1,1,1,0,0
363,2804,travel,family,rainy,evening,1,1,0,0,0
364,18736,travel,family,sunny,afternoon,1,1,0,0,0
365,17884,travel,friends,sunny,afternoon,1,1,0,0,0
366,9287,travel,friends,sunny,morning,1,0,0,0,0
367,13487,travel,friends,rainy,evening,1,1,0,0,0
368,1460,travel,friends,sunny,afternoon,1,0,0,0,0
369,6662,work,alone,sunny,morning,1,0,0,0,1
370,12354,travel,family,rainy,evening,1,1,0,1,0
371,7033,travel,friends,sunny,afternoon,1,1,0,0,0
372,19268,work,alone,snowy,morning,1,1,1,1,0
373,17239,travel,friends,sunny,afternoon,1,1,0,0,0
374,8988,travel,friends,sunny,evening,1,0,0,0,0
375,15763,travel,alone,sunny,morning,1,1,0,0,0
376,17430,travel,friends,sunny,evening,1,1,0,0,0
377,6999,travel,alone,snowy,evening,1,1,0,0,0
378,5996,travel,alone,snowy,night,1,0,0,17,0
379,19961,travel,family,snowy,evening,1,1,0,0,0
380,10916,travel,friends,sunny,evening,1,0,0,0,0
381,3352,travel,family,sunny,afternoon,1,0,0,13,0
382,14056,work,alone,snowy,morning,1,1,1,13,0
383,8026,travel,alone,sunny,morning,1,1,0,34,0
384,14061,work,alone,rainy,morning,1,1,1,0,0
385,9709,travel,alone,sunny,morning,1,1,0,0,0
386,14964,travel,alone,sunny,afternoon,1,0,0,28,0
387,2939,travel,friends,snowy,morning,1,1,0,0,0
388,1425,travel,family,sunny,evening,1,1,0,29,0
389,12792,travel,alone,snowy,evening,1,1,0,0,0
390,10062,travel,family,sunny,afternoon,1,0,0,0,1
391,11356,travel,friends,sunny,evening,1,0,0,10,0
392,17418,work,alone,rainy,morning,1,1,1,0,0
393,8106,work,alone,rainy,morning,1,1,1,14,0
394,14677,travel,friends,rainy,night,1,1,0,36,0
395,14720,travel,alone,rainy,evening,1,0,0,34,1
396,9066,travel,alone,snowy,night,1,0,0,0,0
397,14181,travel,family,sunny,evening,1,1,0,0,0
398,2312,work,alone,snowy,morning,1,1,1,0,0
399,1270,work,alone,sunny,morning,1,0,0,5,1
400,13982,travel,family,snowy,afternoon,1,1,0,0,0
401,12545,travel,alone,sunny,morning,1,1,0,0,0
402,3498,travel,alone,sunny,evening,1,1,0,1,1
403,14959,travel,friends,snowy,evening,1,1,0,0,0
404,3579,travel,family,sunny,night,1,1,0,2,0
405,12304,travel,family,rainy,afternoon,1,1,0,4,0
406,19673,travel,friends,sunny,afternoon,1,0,0,0,0
407,5615,travel,friends,sunny,night,1,0,0,0,0
408,5218,travel,friends,snowy,night,1,1,0,0,0
409,9497,travel,family,sunny,morning,1,1,0,0,0
410,4986,travel,family,rainy,morning,1,0,0,0,0
411,17395,travel,alone,sunny,evening,1,1,0,0,1
412,4023,travel,alone,sunny,evening,1,0,0,0,1
413,10537,travel,family,rainy,evening,1,1,0,0,0
414,15269,travel,friends,sunny,morning,1,1,0,10,0
415,4599,travel,family,sunny,afternoon,1,0,0,0,0
416,5592,work,alone,snowy,morning,1,1,1,0,0
417,6155,travel,family,rainy,afternoon,1,1,0,23,0
418,18735,travel,friends,rainy,evening,1,1,0,24,0
419,17399,travel,family,rainy,afternoon,1,1,0,27,0
420,8384,travel,alone,sunny,morning,1,1,0,0,0
421,8968,travel,friends,sunny,night,1,0,0,0,0
422,19718,travel,friends,snowy,night,1,1,0,0,0
423,6229,travel,friends,sunny,morning,1,0,0,0,0
424,5499,travel,friends,sunny,morning,1,1,0,0,0
425,16071,travel,friends,snowy,evening,1,1,0,0,0
426,6910,work,alone,snowy,morning,1,1,1,0,0
427,18859,travel,alone,sunny,afternoon,1,1,0,0,1
428,18155,travel,family,sunny,afternoon,1,0,0,0,0
429,1326,travel,family,sunny,afternoon,1,1,0,0,0
430,8078,travel,alone,sunny,afternoon,1,0,0,32,1
431,2918,work,alone,snowy,morning,1,1,1,37,0
432,10817,travel,family,sunny,morning,1,1,0,24,0
433,19411,travel,family,rainy,morning,1,0,0,21,0
434,11524,travel,family,sunny,evening,1,1,0,0,0
435,6432,work,alone,snowy,morning,1,1,1,0,0
436,2937,travel,family,sunny,evening,1,0,0,0,1
437,14873,travel,family,rainy,evening,1,0,0,0,1
438,16560,work,alone,sunny,morning,1,0,0,19,1
439,2436,travel,friends,sunny,evening,1,1,0,14,0
440,15849,travel,alone,rainy,morning,1,1,0,0,0
441,6475,travel,family,sunny,night,1,1,0,0,0
442,4361,work,alone,snowy,morning,1,1,0,12,1
443,16332,travel,alone,sunny,morning,1,1,0,6,0
444,18998,travel,friends,sunny,evening,1,1,0,0,0
445,19775,travel,family,sunny,afternoon,1,0,0,0,0
446,17264,travel,family,sunny,night,1,1,0,0,0
447,19320,travel,alone,sunny,evening,1,0,0,7,0
448,18639,travel,alone,sunny,afternoon,1,0,0,4,1
449,1321,travel,family,sunny,evening,1,1,0,0,0
450,9120,travel,alone,sunny,evening,1,0,0,0,0
451,19101,travel,alone,sunny,evening,1,0,0,0,0
452,4532,travel,alone,sunny,morning,1,1,0,0,0
453,2381,travel,friends,sunny,evening,1,1,0,0,0
454,5269,travel,friends,sunny,morning,1,1,0,0,0
455,6102,travel,friends,sunny,evening,1,1,0,0,0
456,5923,travel,friends,rainy,evening,1,1,0,0,0
457,14604,travel,alone,rainy,morning,1,1,0,0,0
458,17913,travel,alone,sunny,afternoon,1,0,0,0,0
459,2834,travel,alone,sunny,evening,1,0,0,25,1
460,13220,travel,alone,sunny,evening,1,1,0,0,0
461,16212,work,alone,snowy,morning,1,1,0,22,1
462,18181,work,alone,sunny,morning,1,0,0,0,1
463,5919,travel,alone,rainy,afternoon,1,1,1,0,0
464,7778,work,alone,rainy,morning,1,1,1,13,0
465,18680,travel,alone,sunny,morning,1,1,0,0,0
466,5076,travel,alone,sunny,evening,1,0,0,0,0
467,13554,travel,alone,sunny,evening,1,0,0,0,1
468,15809,work,alone,sunny,morning,1,0,0,0,1
469,5487,travel,alone,sunny,morning,1,1,0,0,0
470,4221,travel,friends,sunny,evening,1,1,0,0,0
471,11102,travel,alone,sunny,morning,1,1,0,0,0
472,11316,travel,alone,sunny,evening,1,0,0,4,0
473,11201,travel,alone,sunny,afternoon,1,0,0,0,1
474,2093,work,alone,sunny,morning,1,0,0,3,0
475,11030,travel,friends,sunny,night,1,1,0,0,0
476,10856,travel,alone,sunny,evening,1,0,0,3,0
477,7945,work,alone,sunny,morning,1,1,0,5,1
478,14275,work,alone,sunny,morning,1,0,0,0,1
479,19879,travel,alone,rainy,morning,1,1,0,9,0
480,7154,travel,alone,sunny,morning,1,1,0,0,0
481,1574,travel,friends,sunny,evening,1,1,0,0,0
482,1834,travel,family,sunny,evening,1,1,0,0,1
483,19806,travel,family,sunny,evening,1,1,0,0,0
484,2665,travel,family,sunny,afternoon,1,1,0,0,0
485,2928,travel,alone,rainy,afternoon,1,1,1,0,0
486,5742,work,alone,sunny,morning,1,0,0,0,1
487,14184,travel,alone,rainy,afternoon,1,1,1,0,0
488,10946,travel,alone,sunny,evening,1,1,0,0,0
489,5664,work,alone,rainy,morning,1,1,0,10,1
490,1090,travel,family,sunny,afternoon,1,0,0,22,0
491,6078,travel,friends,sunny,night,1,1,0,0,0
492,16928,travel,alone,rainy,morning,1,1,0,0,0
493,18564,travel,alone,sunny,evening,1,0,0,0,0
494,18229,work,alone,sunny,morning,1,0,0,0,1
495,9992,travel,friends,sunny,evening,1,1,0,27,0
496,15133,travel,alone,rainy,morning,1,1,0,23,0
497,13177,travel,family,sunny,evening,1,1,0,34,0
498,17577,work,alone,sunny,morning,1,0,0,0,1
499,4951,travel,alone,sunny,evening,1,0,0,0,1
500,18459,travel,alone,rainy,evening,1,1,1,0,0
501,17322,travel,alone,sunny,evening,1,1,0,0,0
502,1795,work,alone,rainy,morning,1,1,1,0,0
503,9705,work,alone,sunny,morning,1,0,0,0,1
504,5328,travel,alone,sunny,evening,1,0,0,0,0
505,1883,work,alone,sunny,morning,1,0,0,0,0
506,19191,travel,alone,sunny,afternoon,1,0,0,1,1
507,11580,travel,friends,sunny,evening,1,1,0,0,0
508,14108,travel,family,sunny,afternoon,1,1,0,0,0
509,13352,travel,alone,sunny,evening,1,0,0,0,1
510,14583,travel,alone,rainy,afternoon,1,1,1,0,0
511,11134,work,alone,rainy,morning,1,1,1,3,0
512,9549,travel,alone,rainy,morning,1,1,0,0,0
513,8383,travel,alone,sunny,evening,1,0,0,0,0
514,18266,travel,alone,sunny,afternoon,1,0,0,0,0
515,2407,travel,family,sunny,night,1,0,0,0,1
516,9886,travel,family,rainy,evening,1,0,0,0,1
517,16345,travel,friends,sunny,evening,1,1,0,0,0
518,11877,travel,friends,snowy,afternoon,1,0,0,0,0
519,1126,travel,alone,sunny,evening,1,0,0,7,0
520,14264,work,alone,rainy,morning,1,0,0,0,0
521,6701,travel,alone,sunny,morning,1,0,0,28,0
522,8080,travel,alone,sunny,afternoon,1,1,0,0,1
523,19873,travel,alone,sunny,afternoon,1,0,0,19,0
524,1185,travel,alone,snowy,evening,1,1,0,0,0
525,10354,travel,alone,rainy,afternoon,1,0,0,0,0
526,8663,travel,alone,sunny,morning,1,0,0,3,0
527,5421,work,alone,snowy,morning,1,0,0,0,1
528,9458,travel,alone,sunny,morning,1,0,0,7,0
529,4122,travel,alone,sunny,evening,1,1,0,0,1
530,1179,travel,friends,snowy,morning,1,0,0,0,0
531,14072,travel,alone,rainy,morning,1,0,0,8,0
532,9800,travel,alone,snowy,morning,1,1,0,0,0
533,3616,travel,alone,sunny,afternoon,1,1,0,0,1
534,4449,travel,alone,sunny,evening,1,0,0,0,0
535,4732,travel,alone,rainy,night,1,0,0,9,1
536,11422,travel,alone,snowy,night,1,1,1,0,0
537,3108,work,alone,snowy,morning,1,1,0,0,0
538,6918,travel,friends,sunny,night,1,1,0,64,0
539,19315,travel,friends,sunny,morning,1,0,0,49,0
540,9547,work,alone,sunny,morning,1,0,0,49,1
541,7007,travel,friends,sunny,night,1,1,0,0,0
542,14150,travel,family,sunny,morning,1,0,0,0,0
543,2801,travel,alone,sunny,evening,1,1,0,0,1
544,5908,travel,alone,sunny,afternoon,1,0,0,0,1
545,1026,travel,family,sunny,afternoon,1,1,1,0,0
546,3280,travel,family,rainy,evening,1,0,0,0,1
547,13486,work,alone,snowy,morning,1,0,0,0,1
548,18021,travel,family,snowy,evening,1,0,0,12,0
549,2775,travel,friends,snowy,afternoon,1,0,0,9,0
550,13051,travel,alone,rainy,morning,1,1,0,10,0
551,3835,travel,family,rainy,evening,1,1,0,0,0
552,16075,travel,family,sunny,night,1,1,0,0,1
553,18943,work,alone,snowy,morning,1,0,0,10,1
554,12537,travel,friends,snowy,afternoon,1,0,0,28,0
555,14818,travel,alone,sunny,afternoon,1,1,0,30,1
556,12597,travel,friends,sunny,evening,1,1,0,4,0
557,15729,travel,friends,snowy,afternoon,1,0,0,0,0
558,11724,travel,alone,rainy,morning,1,1,0,0,0
559,2910,travel,family,sunny,evening,1,1,0,0,0
560,7967,travel,alone,sunny,afternoon,1,0,0,0,0
561,11349,travel,friends,snowy,morning,1,0,0,12,0
562,2150,travel,family,sunny,afternoon,1,1,1,10,0
563,2047,travel,friends,sunny,afternoon,1,0,0,0,0
564,19877,travel,friends,snowy,afternoon,1,0,0,29,0
565,6355,work,alone,snowy,morning,1,0,0,0,1
566,13241,travel,friends,snowy,morning,1,0,0,0,0
567,7002,work,alone,rainy,morning,1,0,0,0,0
568,16849,work,alone,snowy,morning,1,0,0,19,1
569,4144,work,alone,snowy,morning,1,0,0,11,1
570,8407,travel,alone,sunny,evening,1,0,0,25,0
571,15608,travel,friends,sunny,morning,1,0,0,5,0
572,18176,travel,friends,snowy,morning,1,0,0,5,0
573,15662,travel,family,sunny,evening,1,1,0,0,0
574,13256,travel,family,sunny,night,1,1,0,0,1
575,13438,travel,alone,sunny,evening,1,1,0,0,1
576,8520,work,alone,rainy,morning,1,0,0,0,0
577,9692,work,alone,snowy,morning,1,0,0,6,1
578,18262,travel,alone,sunny,afternoon,1,0,0,14,0
579,4490,travel,family,sunny,afternoon,1,1,1,0,0
580,2681,travel,friends,sunny,night,1,1,0,0,0
581,3117,travel,alone,rainy,afternoon,1,0,0,3,0
582,17912,travel,alone,snowy,night,1,1,1,2,0
583,11973,travel,friends,sunny,afternoon,1,1,0,4,0
584,17962,travel,friends,sunny,afternoon,1,1,0,24,0
585,16927,travel,alone,sunny,evening,1,0,0,0,1
586,13569,work,alone,sunny,morning,1,1,0,0,0
587,7797,travel,family,sunny,morning,1,1,0,17,0
588,12957,work,alone,sunny,morning,1,1,0,0,0
589,2809,travel,alone,sunny,evening,1,0,0,0,0
590,8508,work,alone,sunny,morning,1,1,1,1,0
591,13689,work,alone,sunny,morning,1,1,0,0,0
592,7837,travel,friends,sunny,morning,1,1,0,0,0
593,4640,work,alone,sunny,morning,1,1,0,28,0
594,9817,travel,friends,sunny,morning,1,0,0,0,0
595,12524,travel,friends,sunny,morning,1,1,0,0,0
596,10979,travel,friends,sunny,afternoon,1,1,0,0,0
597,8978,travel,friends,sunny,afternoon,1,1,0,26,0
598,1736,travel,family,sunny,evening,1,1,0,0,0
599,19316,travel,alone,sunny,evening,1,0,0,9,1
600,7900,travel,alone,sunny,afternoon,1,0,0,0,0
601,6930,work,alone,sunny,morning,1,1,1,0,0
602,5780,travel,alone,sunny,evening,1,0,0,3,1
603,11438,work,alone,sunny,morning,1,1,0,0,0
604,13407,travel,friends,sunny,morning,1,0,0,0,0
605,9556,travel,friends,sunny,morning,1,1,0,0,0
606,9398,travel,friends,sunny,evening,1,0,0,0,0
607,11653,travel,alone,sunny,afternoon,1,1,0,18,0
608,3988,travel,friends,sunny,morning,1,1,0,30,0
609,11355,travel,alone,sunny,afternoon,1,0,0,0,0
610,15304,travel,family,sunny,morning,1,1,0,0,0
611,9183,travel,alone,sunny,evening,1,0,0,7,1
612,15334,travel,alone,sunny,evening,1,1,0,0,0
613,3598,travel,alone,sunny,afternoon,1,0,0,0,0
614,1091,work,alone,sunny,morning,1,1,1,0,0
615,4955,work,alone,sunny,morning,1,0,0,0,1
616,12386,travel,alone,sunny,afternoon,1,0,0,0,0
617,17579,travel,friends,sunny,morning,1,1,0,0,0
618,12309,travel,friends,sunny,afternoon,1,1,0,0,0
619,3141,work,alone,sunny,morning,1,0,0,0,1
620,6646,work,alone,sunny,morning,1,0,0,0,0
621,1930,travel,alone,sunny,afternoon,1,0,0,0,1
622,9417,travel,alone,sunny,evening,1,1,0,0,0
623,11780,work,alone,sunny,morning,1,1,1,0,0
624,9932,work,alone,sunny,morning,1,1,0,0,0
625,11816,travel,friends,sunny,morning,1,0,0,0,0
626,11692,travel,alone,sunny,evening,1,0,0,47,0
627,1060,travel,friends,sunny,afternoon,1,1,0,4,0
628,19627,travel,friends,sunny,evening,1,0,0,0,0
629,19993,travel,friends,sunny,afternoon,1,1,0,6,0
630,15724,travel,alone,sunny,afternoon,1,0,0,5,1
631,16074,work,alone,sunny,morning,1,1,0,0,0
632,7299,work,alone,sunny,morning,1,0,0,5,1
633,17015,work,alone,sunny,morning,1,1,0,0,0
634,19317,travel,friends,sunny,morning,1,1,0,9,0
635,19206,travel,friends,sunny,afternoon,1,0,0,9,0
636,3200,travel,friends,sunny,morning,1,1,0,30,0
637,7164,travel,friends,sunny,morning,1,1,0,0,0
638,14257,travel,alone,sunny,afternoon,1,1,0,24,0
639,13334,work,alone,sunny,morning,1,1,0,0,0
640,6165,travel,friends,sunny,morning,1,0,0,0,0
641,1292,travel,friends,sunny,afternoon,1,0,0,0,0
642,5345,travel,friends,sunny,afternoon,1,0,0,0,0
643,13614,travel,alone,sunny,morning,1,0,0,1,0
644,4730,travel,family,sunny,morning,1,0,0,0,0
645,13122,travel,alone,sunny,afternoon,1,0,0,0,0
646,11636,work,alone,sunny,morning,1,1,0,4,0
647,5374,work,alone,sunny,morning,1,0,0,3,0
648,9420,travel,family,sunny,morning,1,1,0,0,0
649,16288,travel,alone,sunny,afternoon,1,0,0,0,1
650,17638,work,alone,sunny,morning,1,1,1,4,0
651,10733,travel,alone,sunny,afternoon,1,0,0,0,0
652,2884,work,alone,sunny,morning,1,1,1,0,0
653,13417,travel,friends,sunny,afternoon,1,1,0,0,0
654,4510,travel,friends,sunny,afternoon,1,1,0,0,0
655,10391,travel,family,sunny,morning,1,1,0,0,0
656,14436,travel,alone,sunny,afternoon,1,0,0,0,1
657,12459,work,alone,sunny,morning,1,1,1,0,0
658,18872,work,alone,sunny,morning,1,1,1,0,0
659,15452,work,alone,sunny,morning,1,1,0,24,0
660,13163,travel,friends,sunny,morning,1,1,0,0,0
661,9819,work,alone,sunny,morning,1,1,1,0,0
662,9454,work,alone,sunny,morning,1,0,0,29,0
663,19535,travel,friends,sunny,morning,1,1,0,14,0
664,1908,travel,friends,sunny,morning,1,1,0,33,0
665,1175,work,alone,sunny,morning,1,1,0,0,0
666,8975,travel,alone,sunny,evening,1,0,0,0,0
667,18431,work,alone,sunny,morning,1,1,1,0,0
668,8396,work,alone,sunny,morning,1,1,0,63,0
669,11707,work,alone,sunny,morning,1,1,0,35,0
670,16966,travel,family,sunny,morning,1,0,0,0,0
671,3662,work,alone,sunny,morning,1,0,0,0,1
672,15327,work,alone,sunny,morning,1,1,1,0,0
673,17032,travel,family,sunny,afternoon,1,1,0,17,0
674,16817,travel,friends,sunny,afternoon,1,1,0,0,0
675,7410,travel,family,sunny,afternoon,1,1,0,13,0
676,4562,travel,alone,sunny,afternoon,1,0,0,25,1
677,17564,travel,alone,sunny,morning,1,0,0,27,0
678,13725,work,alone,sunny,morning,1,1,0,0,0
679,14966,travel,friends,sunny,morning,1,1,0,0,0
680,4983,travel,friends,sunny,afternoon,1,1,0,0,0
681,7118,travel,family,sunny,morning,1,1,0,24,0
682,5252,travel,alone,sunny,evening,1,0,0,29,1
683,15632,work,alone,sunny,morning,1,1,1,24,0
684,10197,work,alone,sunny,morning,1,1,1,0,0
685,4941,travel,friends,sunny,morning,1,1,0,7,0
686,17676,travel,friends,sunny,afternoon,1,1,0,0,0
687,10970,travel,family,sunny,morning,1,1,0,0,0
688,6677,travel,family,sunny,afternoon,1,0,0,0,0
689,2877,travel,family,sunny,afternoon,1,1,0,4,0
690,8164,travel,friends,sunny,morning,1,1,0,0,0
691,13712,travel,friends,sunny,afternoon,1,1,0,0,0
692,8155,work,alone,sunny,morning,1,1,1,9,0
693,18118,travel,friends,sunny,afternoon,1,1,0,0,0
694,14506,travel,family,sunny,morning,1,0,0,0,0
695,13911,travel,alone,sunny,evening,1,0,0,1,1
696,5991,work,alone,sunny,morning,1,0,0,0,1
697,14871,travel,friends,sunny,afternoon,1,1,0,0,0
698,15915,travel,family,sunny,morning,1,1,0,8,0
699,8974,work,alone,sunny,morning,1,1,1,0,0
700,14740,travel,family,sunny,afternoon,1,1,0,0,0
701,7621,work,alone,sunny,morning,1,1,0,0,0
702,9059,travel,friends,sunny,morning,1,0,0,10,0
703,1334,travel,family,sunny,evening,1,1,0,0,0
704,15414,travel,alone,sunny,afternoon,1,0,0,0,0
705,14329,work,alone,sunny,morning,1,1,1,0,0
706,9446,work,alone,sunny,morning,1,1,1,10,0
707,3711,work,alone,sunny,morning,1,1,0,8,0
708,17019,travel,friends,sunny,morning,1,1,0,0,0
709,1796,travel,alone,sunny,afternoon,1,0,0,19,0
710,6086,travel,friends,sunny,evening,1,1,0,0,0
711,7198,travel,family,sunny,morning,1,0,0,0,0
712,14937,travel,friends,sunny,afternoon,1,1,0,0,0
713,6326,travel,alone,sunny,afternoon,1,0,0,0,0
714,10765,travel,family,sunny,morning,1,1,0,0,0
715,15399,travel,alone,sunny,evening,1,0,0,0,0
716,1133,work,alone,sunny,morning,1,1,1,0,0
717,2072,work,alone,sunny,morning,1,1,1,0,0
718,7849,work,alone,sunny,morning,1,1,0,0,0
719,8181,work,alone,sunny,morning,1,0,0,0,1
720,16411,travel,friends,sunny,morning,1,1,0,0,0
721,2991,travel,friends,sunny,afternoon,1,0,0,0,0
722,12198,work,alone,sunny,morning,1,1,1,0,0
723,5410,travel,family,sunny,evening,1,1,0,0,0
724,19060,work,alone,sunny,morning,1,1,0,0,0
725,15996,travel,friends,sunny,morning,1,0,0,0,0
726,18652,travel,friends,sunny,afternoon,1,1,0,0,0
727,12598,travel,family,sunny,morning,1,1,0,3,0
728,5042,travel,family,sunny,morning,1,1,0,0,0
729,12197,travel,alone,sunny,afternoon,1,0,0,0,1
730,1625,travel,alone,sunny,afternoon,1,0,0,3,0
731,15459,work,alone,sunny,morning,1,1,1,0,0
732,9505,work,alone,sunny,morning,1,1,0,0,0
733,9238,travel,family,sunny,morning,1,0,0,0,0
734,17313,travel,alone,sunny,night,1,0,0,0,1
735,8684,work,alone,sunny,morning,1,0,0,0,1
736,10151,travel,friends,sunny,morning,1,1,0,0,0
737,13240,travel,friends,sunny,afternoon,1,0,0,0,0
738,15757,work,alone,sunny,morning,1,1,0,0,0
739,3790,travel,friends,sunny,morning,1,1,0,0,0
740,8842,travel,friends,sunny,morning,1,0,0,0,0
741,16632,travel,family,sunny,afternoon,1,0,0,0,0
742,2954,travel,family,sunny,afternoon,1,1,0,0,0
743,19200,work,alone,sunny,morning,1,1,0,11,0
744,12069,travel,alone,sunny,afternoon,1,1,1,0,0
745,14543,work,alone,sunny,morning,1,1,0,0,0
746,15153,travel,family,sunny,afternoon,1,0,0,17,0
747,14303,travel,friends,sunny,morning,1,1,0,15,0
748,12484,travel,family,sunny,morning,1,0,0,16,0
749,4167,travel,alone,sunny,evening,1,0,0,9,1
750,6313,travel,alone,sunny,evening,1,0,0,0,1
751,17851,work,alone,sunny,morning,1,1,0,0,0
752,19995,travel,alone,sunny,night,1,0,0,0,1
753,1313,work,alone,sunny,morning,1,0,0,48,1
754,2418,travel,alone,sunny,evening,1,0,0,0,0
755,8755,travel,friends,sunny,afternoon,1,1,0,0,0
756,2692,travel,alone,sunny,afternoon,1,1,0,0,0
757,8360,travel,alone,sunny,evening,1,1,0,0,1
758,9416,work,alone,sunny,morning,1,0,0,0,1
759,13233,work,alone,sunny,morning,1,1,0,13,1
760,19853,travel,alone,sunny,morning,1,0,0,0,0
761,2205,travel,alone,sunny,afternoon,1,1,0,6,0
762,11026,travel,alone,sunny,afternoon,1,0,0,4,1
763,15352,travel,alone,sunny,evening,1,0,0,0,0
764,9650,travel,alone,sunny,evening,1,1,0,8,1
765,11774,travel,alone,sunny,afternoon,1,1,0,0,0
766,13968,travel,alone,sunny,afternoon,1,1,1,0,0
767,6890,travel,alone,sunny,night,1,0,0,13,1
768,17179,travel,family,sunny,afternoon,1,1,0,0,0
769,16297,travel,alone,sunny,evening,1,0,0,0,0
770,7584,work,alone,sunny,morning,1,0,0,0,1
771,17908,travel,friends,sunny,morning,1,1,0,12,0
772,10014,travel,alone,sunny,morning,1,1,0,8,0
773,8673,travel,alone,sunny,night,1,1,0,0,1
774,19771,travel,friends,sunny,afternoon,1,0,0,0,0
775,1829,travel,family,sunny,evening,1,1,0,0,0
776,13265,work,alone,sunny,morning,1,0,0,0,1
777,2151,work,alone,sunny,morning,1,1,0,0,0
778,14844,travel,friends,sunny,afternoon,1,0,0,0,0
779,13647,work,alone,sunny,morning,1,1,1,0,0
780,1727,travel,alone,sunny,morning,1,0,0,2,0
781,9629,travel,alone,sunny,afternoon,1,1,0,0,0
782,4515,travel,alone,sunny,evening,1,1,0,0,0
783,5932,travel,alone,sunny,evening,1,0,0,0,1
784,6175,travel,alone,sunny,night,1,1,0,0,1
785,12251,travel,friends,sunny,afternoon,1,1,0,2,0
786,7929,travel,alone,sunny,night,1,1,1,0,0
787,1801,travel,alone,sunny,night,1,0,0,3,1
788,7549,work,alone,sunny,morning,1,0,0,0,1
789,19747,work,alone,sunny,morning,1,1,0,2,1
790,17508,work,alone,sunny,morning,1,1,0,3,0
791,15163,travel,friends,sunny,afternoon,1,1,0,5,0
792,16556,travel,alone,sunny,evening,1,0,0,0,0
793,12508,travel,alone,sunny,evening,1,1,1,3,0
794,6893,travel,alone,sunny,night,1,1,0,2,1
795,15448,work,alone,sunny,morning,1,1,0,5,0
796,11983,travel,alone,sunny,night,1,1,1,0,0
797,9039,travel,alone,sunny,afternoon,1,0,0,0,0
798,4435,travel,alone,sunny,evening,1,0,0,22,1
799,17668,work,alone,sunny,morning,1,1,0,23,0
800,4488,travel,alone,sunny,morning,1,0,0,0,0
801,8712,travel,friends,sunny,morning,1,1,0,0,0
802,17084,travel,friends,sunny,afternoon,1,1,0,0,0
803,18291,travel,friends,sunny,afternoon,1,1,0,0,0
804,10449,travel,alone,sunny,afternoon,1,1,0,0,0
805,15231,travel,alone,sunny,evening,1,1,0,0,1
806,7890,work,alone,sunny,morning,1,1,1,0,0
807,13899,work,alone,sunny,morning,1,1,0,17,0
808,3202,work,alone,sunny,morning,1,0,0,0,1
809,13116,work,alone,sunny,morning,1,1,0,17,0
810,1733,travel,alone,sunny,morning,1,1,0,0,0
811,9867,travel,alone,sunny,afternoon,1,1,0,21,0
812,16730,travel,alone,sunny,evening,1,1,1,0,0
813,18546,work,alone,sunny,morning,1,0,0,1,1
814,2278,travel,alone,sunny,morning,1,0,0,0,0
815,8569,travel,friends,sunny,afternoon,1,0,0,10,0
816,7188,travel,alone,sunny,evening,1,1,1,0,0
817,14040,work,alone,sunny,morning,1,0,0,0,1
818,11210,travel,family,sunny,morning,1,0,0,0,0
819,9835,travel,alone,sunny,night,1,1,0,0,1
820,5271,travel,family,sunny,morning,1,1,0,6,0
821,5817,travel,family,sunny,afternoon,1,0,0,0,0
822,10715,travel,alone,sunny,afternoon,1,0,0,0,1
823,19310,work,alone,sunny,morning,1,1,0,0,1
824,3251,travel,alone,sunny,morning,1,0,0,0,0
825,4940,travel,alone,sunny,evening,1,1,1,0,0
826,1036,work,alone,sunny,morning,1,1,0,0,1
827,5974,travel,friends,sunny,afternoon,1,1,0,51,0
828,15431,travel,alone,sunny,night,1,1,1,60,0
829,11048,work,alone,sunny,morning,1,1,0,0,1
830,18983,work,alone,sunny,morning,1,0,0,54,1
831,12878,travel,alone,sunny,morning,1,0,0,11,0
832,3223,travel,alone,sunny,afternoon,1,1,0,0,0
833,2311,travel,alone,sunny,afternoon,1,1,0,0,0
834,7442,travel,family,sunny,morning,1,0,0,0,0
835,14569,travel,family,sunny,morning,1,1,0,0,0
836,14023,travel,family,sunny,afternoon,1,0,0,30,0
837,8933,travel,alone,sunny,evening,1,0,0,36,1
838,18351,travel,friends,sunny,afternoon,1,1,0,0,0
839,14586,travel,alone,sunny,evening,1,0,0,7,0
840,10174,travel,family,sunny,morning,1,0,0,5,0
841,9056,work,alone,sunny,morning,1,1,1,0,0
842,13967,work,alone,snowy,morning,1,1,1,7,0
843,14332,travel,alone,snowy,afternoon,1,1,0,27,1
844,19798,work,alone,snowy,morning,1,1,1,0,0
845,2002,travel,friends,sunny,evening,1,0,0,0,0
846,13963,travel,family,sunny,morning,1,0,0,1,0
847,15275,travel,alone,sunny,evening,1,1,0,0,1
848,19104,travel,family,snowy,night,1,1,0,0,0
849,18455,travel,alone,snowy,evening,1,1,0,2,1
850,17070,travel,alone,sunny,night,1,0,0,0,0
851,17012,travel,friends,rainy,afternoon,1,0,0,9,0
852,3319,work,alone,sunny,morning,1,1,1,0,0
853,11808,work,alone,sunny,morning,1,0,0,0,0
854,7487,travel,family,rainy,evening,1,1,0,19,0
855,5003,travel,friends,sunny,night,1,0,0,23,0
856,10273,travel,alone,snowy,afternoon,1,1,0,0,0
857,2722,work,alone,snowy,morning,1,1,1,33,0
858,15301,travel,friends,sunny,afternoon,1,1,0,0,0
859,9035,travel,family,rainy,night,1,1,0,5,0
860,8152,travel,friends,snowy,evening,1,1,0,0,0
861,17679,travel,family,sunny,afternoon,1,1,0,8,0
862,15485,travel,friends,sunny,night,1,0,0,0,0
863,3228,travel,friends,rainy,night,1,1,0,34,0
864,14673,travel,alone,snowy,evening,1,1,0,36,0
865,13684,travel,alone,snowy,night,1,0,0,0,0
866,10412,travel,family,snowy,afternoon,1,1,0,7,0
867,17228,travel,alone,sunny,afternoon,1,0,0,0,0
868,10192,travel,friends,sunny,evening,1,0,0,0,0
869,12848,travel,alone,sunny,afternoon,1,0,0,7,1
870,1788,travel,family,sunny,night,1,1,0,1,0
871,10493,work,alone,snowy,morning,1,1,1,0,0
872,6414,work,alone,snowy,morning,1,1,1,9,0
873,1597,travel,family,rainy,afternoon,1,1,0,0,0
874,14609,travel,family,rainy,evening,1,1,0,5,0
875,16896,travel,friends,rainy,night,1,1,0,4,0
876,3204,travel,friends,snowy,evening,1,1,0,7,0
877,1327,travel,alone,snowy,evening,1,0,0,0,0
878,4114,work,alone,rainy,morning,1,1,1,0,0
879,2322,travel,family,snowy,afternoon,1,1,0,0,0
880,13974,travel,family,rainy,evening,1,1,0,0,0
881,3957,travel,friends,snowy,morning,1,1,0,0,0
882,7390,work,alone,snowy,morning,1,1,1,10,0
883,9255,travel,alone,sunny,evening,1,0,0,30,0
884,1399,travel,friends,sunny,night,1,0,0,0,0
885,17401,travel,family,rainy,morning,1,0,0,0,0
886,14261,travel,alone,sunny,afternoon,1,1,0,0,1
887,12453,travel,family,rainy,night,1,1,0,0,0
888,2427,travel,alone,sunny,afternoon,1,0,0,0,0
889,18128,travel,alone,snowy,afternoon,1,1,0,0,0
890,19553,work,alone,rainy,morning,1,1,1,33,0
891,10403,travel,alone,sunny,afternoon,1,1,0,0,1
892,12800,work,alone,rainy,morning,1,1,1,0,0
893,12596,travel,friends,rainy,evening,1,1,0,16,0
894,5638,travel,family,rainy,evening,1,1,0,27,0
895,17233,travel,friends,sunny,afternoon,1,1,0,0,0
896,15571,travel,family,sunny,afternoon,1,0,0,0,0
897,13200,travel,alone,sunny,evening,1,1,0,0,1
898,18036,travel,alone,snowy,evening,1,0,0,0,0
899,2268,work,alone,rainy,morning,1,1,1,34,0
900,9821,work,alone,snowy,morning,1,1,1,41,0
901,10810,travel,family,snowy,evening,1,1,0,10,0
902,8930,work,alone,rainy,morning,1,1,1,0,0
903,5558,work,alone,snowy,morning,1,1,1,0,0
904,4503,work,alone,sunny,morning,1,0,0,2,1
905,18609,travel,alone,sunny,afternoon,1,0,0,0,1
906,3379,work,alone,rainy,morning,1,1,1,5,0
907,15298,travel,friends,sunny,morning,1,1,0,0,0
908,1014,travel,alone,sunny,morning,1,1,0,0,0
909,8944,travel,friends,sunny,afternoon,1,0,0,0,0
910,14838,travel,friends,sunny,evening,1,0,0,12,0
911,8315,travel,family,sunny,afternoon,1,1,0,0,0
912,15249,travel,alone,snowy,night,1,0,0,0,0
913,12871,travel,alone,sunny,afternoon,1,0,0,0,1
914,11168,travel,family,rainy,night,1,1,0,0,0
915,4358,travel,family,snowy,evening,1,1,0,29,0
916,6493,travel,alone,snowy,night,1,0,0,1,0
917,11809,travel,alone,sunny,afternoon,1,0,0,26,0
918,7111,travel,friends,rainy,evening,1,1,0,0,0
919,5533,travel,family,sunny,afternoon,1,0,0,0,0
920,11394,work,alone,snowy,morning,1,1,1,0,0
921,10252,travel,family,rainy,night,1,1,0,25,0
922,13824,travel,family,snowy,evening,1,1,0,0,0
923,10614,travel,alone,sunny,evening,1,0,0,0,0
924,9254,travel,friends,sunny,night,1,0,0,23,0
925,9611,travel,alone,sunny,evening,1,0,0,18,1
926,7036,travel,friends,sunny,afternoon,1,1,0,0,0
927,16379,travel,friends,snowy,evening,1,1,0,0,0
928,12232,travel,alone,snowy,evening,1,0,0,28,0
929,19369,travel,family,sunny,evening,1,0,0,0,1
930,1565,work,alone,snowy,morning,1,1,1,0,0
931,19540,travel,friends,sunny,night,1,0,0,34,0
932,1454,work,alone,rainy,morning,1,1,1,0,0
933,6243,work,alone,snowy,morning,1,1,1,0,0
934,6178,travel,alone,sunny,morning,1,1,0,0,0
935,1111,travel,friends,sunny,afternoon,1,1,0,0,0
936,5894,travel,friends,sunny,afternoon,1,0,0,0,0
937,9102,travel,alone,snowy,evening,1,0,0,26,0
938,3386,work,alone,snowy,morning,1,1,1,0,0
939,14670,travel,friends,snowy,morning,1,1,0,0,0
940,5423,travel,family,sunny,afternoon,1,0,0,0,0
941,17043,work,alone,snowy,morning,1,1,1,0,0
942,3572,travel,alone,sunny,morning,1,1,0,4,0
943,9256,travel,alone,sunny,evening,1,0,0,9,0
944,15948,travel,friends,sunny,night,1,0,0,6,0
945,19274,travel,friends,snowy,morning,1,1,0,0,0
946,12734,travel,friends,snowy,night,1,1,0,0,0
947,16042,travel,family,sunny,evening,1,1,0,0,0
948,2754,travel,family,sunny,morning,1,1,0,0,0
949,3123,travel,alone,sunny,afternoon,1,1,0,0,1
950,17206,travel,family,sunny,morning,1,0,0,0,0
951,15746,work,alone,rainy,morning,1,1,1,0,0
952,7024,travel,alone,snowy,afternoon,1,0,0,6,0
953,14644,travel,family,sunny,night,1,1,0,6,0
954,7278,work,alone,rainy,morning,1,1,1,0,0
955,16234,work,alone,snowy,morning,1,1,0,3,1
956,14199,work,alone,sunny,morning,1,1,0,0,1
957,18433,travel,alone,sunny,morning,1,1,0,10,0
958,19312,travel,alone,rainy,morning,1,1,0,8,0
959,18607,travel,alone,rainy,evening,1,1,1,0,0
960,12958,travel,friends,rainy,night,1,1,0,1,0
961,9784,travel,alone,sunny,afternoon,1,0,0,0,1
962,16508,work,alone,sunny,morning,1,1,0,1,1
963,12989,travel,friends,sunny,evening,1,1,0,0,0
964,6956,travel,alone,sunny,evening,1,0,0,9,1
965,12923,travel,alone,rainy,afternoon,1,1,1,11,0
966,7578,travel,alone,snowy,night,1,1,1,0,0
967,6856,travel,alone,sunny,evening,1,1,0,0,0
968,5546,work,alone,sunny,morning,1,1,0,0,1
969,16421,work,alone,rainy,morning,1,1,0,11,1
970,1040,travel,alone,rainy,morning,1,1,0,12,0
971,13600,travel,family,sunny,afternoon,1,0,0,0,0
972,7378,travel,alone,sunny,evening,1,0,0,0,1
973,7477,work,alone,rainy,morning,1,1,0,13,1
974,6544,travel,alone,rainy,evening,1,1,1,27,0
975,9958,travel,alone,snowy,evening,1,1,1,19,0
976,10180,work,alone,sunny,morning,1,1,0,34,1
977,15900,travel,family,sunny,afternoon,1,1,0,0,1
978,14810,travel,family,sunny,night,1,1,0,10,0
979,12166,work,alone,rainy,morning,1,1,1,12,0
980,16670,travel,alone,sunny,evening,1,0,0,0,0
981,6880,travel,alone,rainy,afternoon,1,1,1,9,0
982,13885,work,alone,rainy,morning,1,1,0,0,1
983,2375,work,alone,snowy,morning,1,1,0,0,1
984,6836,work,alone,sunny,morning,1,1,0,2,1
985,1603,travel,alone,sunny,morning,1,1,0,0,0
986,3021,travel,friends,sunny,night,1,1,0,0,0
987,10100,travel,alone,snowy,evening,1,1,1,0,0
988,8564,work,alone,sunny,morning,1,0,0,8,0
989,10409,work,alone,snowy,morning,1,1,0,6,1
990,13186,travel,friends,rainy,evening,1,1,0,0,0
991,7924,travel,alone,sunny,evening,1,0,0,11,1
992,4910,work,alone,snowy,morning,1,1,0,8,1
993,19899,travel,alone,sunny,morning,1,1,0,0,0
994,1205,travel,alone,sunny,night,1,0,0,0,0
995,17424,work,alone,sunny,morning,1,0,0,0,0
996,7293,travel,alone,sunny,evening,1,0,0,0,0
997,19543,travel,alone,snowy,afternoon,1,0,0,23,0
998,3994,travel,alone,sunny,afternoon,1,0,0,0,0
999,2733,travel,alone,sunny,night,1,1,0,25,0
1000,9219,travel,alone,rainy,afternoon,1,1,1,0,0
1001,13445,travel,alone,snowy,evening,1,1,1,0,0
1002,17516,travel,family,sunny,night,1,1,0,0,0
1003,12993,travel,alone,rainy,afternoon,1,1,1,12,0
1004,8213,travel,alone,sunny,morning,1,1,0,0,0
1005,18364,travel,alone,snowy,evening,1,1,1,0,0
1006,12495,travel,alone,sunny,morning,1,1,0,0,0
1007,13165,travel,alone,snowy,night,1,1,1,0,0
1008,10305,work,alone,rainy,morning,1,1,0,0,1
1009,8032,work,alone,sunny,morning,1,0,0,8,1
1010,4623,travel,alone,rainy,morning,1,1,0,0,0
1011,1938,travel,family,sunny,night,1,1,0,0,0
1012,15836,travel,family,sunny,afternoon,1,1,0,0,0
1013,6755,travel,friends,sunny,evening,1,1,0,10,0
1014,1431,travel,alone,rainy,morning,1,1,0,0,0
1015,4142,work,alone,sunny,morning,1,1,0,0,1
1016,14535,travel,alone,snowy,night,1,1,1,38,0
1017,4542,work,alone,sunny,morning,1,1,0,22,1
1018,11822,travel,alone,sunny,morning,1,1,0,0,0
1019,14509,travel,alone,snowy,afternoon,1,0,0,38,0
1020,5949,travel,alone,snowy,evening,1,1,1,0,0
1021,4645,travel,family,sunny,afternoon,1,1,0,0,1
1022,18255,travel,family,sunny,evening,1,1,0,1,0
1023,18990,travel,alone,snowy,morning,1,0,0,0,0
1024,17367,work,alone,sunny,morning,1,0,0,0,1
1025,12283,work,alone,rainy,morning,1,1,1,0,0
1026,16064,travel,friends,sunny,night,1,1,0,40,0
1027,8482,travel,friends,sunny,morning,1,0,0,35,0
1028,19562,travel,friends,snowy,afternoon,1,0,0,44,0
1029,19565,travel,alone,sunny,afternoon,1,1,0,0,1
1030,2767,travel,alone,sunny,night,1,0,0,41,0
1031,14941,work,alone,rainy,morning,1,0,0,0,1
1032,15016,work,alone,rainy,morning,1,0,0,45,0
1033,2149,work,alone,snowy,morning,1,1,0,0,0
1034,3029,work,alone,snowy,morning,1,1,1,0,0
1035,17203,travel,alone,rainy,morning,1,1,0,0,0
1036,4442,travel,alone,rainy,night,1,0,0,0,1
1037,11458,travel,family,snowy,afternoon,1,0,0,0,0
1038,2345,travel,friends,sunny,night,1,1,0,0,0
1039,14367,travel,family,sunny,night,1,1,1,5,0
1040,16548,work,alone,sunny,morning,1,0,0,7,1
1041,14190,travel,family,snowy,evening,1,0,0,24,0
1042,17285,travel,family,sunny,night,1,1,0,23,1
1043,18581,travel,family,sunny,night,1,1,0,29,0
1044,16221,work,alone,sunny,morning,1,0,0,27,1
1045,16783,travel,friends,sunny,evening,1,0,0,0,0
1046,3632,travel,alone,sunny,afternoon,1,1,0,3,1
1047,7414,travel,alone,rainy,night,1,0,0,1,1
1048,11443,travel,alone,snowy,night,1,1,0,0,0
1049,19488,travel,alone,rainy,morning,1,1,0,0,0
1050,18027,travel,alone,sunny,evening,1,0,0,0,1
1051,16954,work,alone,snowy,morning,1,1,1,0,0
1052,15625,work,alone,sunny,morning,1,0,0,0,1
1053,9201,travel,family,snowy,evening,1,0,0,0,0
1054,5892,travel,alone,rainy,morning,1,1,0,0,0
1055,15054,travel,family,sunny,evening,1,1,0,58,0
1056,14338,travel,family,sunny,night,1,1,0,57,1
1057,5659,travel,family,sunny,night,1,1,1,0,0
1058,5811,travel,alone,snowy,evening,1,1,0,0,0
1059,16176,travel,alone,sunny,morning,1,0,0,0,0
1060,8037,travel,alone,sunny,afternoon,1,0,0,0,0
1061,7112,travel,alone,rainy,night,1,0,0,0,1
1062,13000,travel,alone,snowy,evening,1,1,0,20,0
1063,5700,travel,friends,sunny,morning,1,0,0,0,0
1064,7875,travel,alone,sunny,afternoon,1,0,0,0,0
1065,16429,travel,family,sunny,evening,1,0,0,0,0
1066,14843,travel,family,snowy,afternoon,1,0,0,21,0
1067,8150,travel,friends,sunny,morning,1,0,0,0,0
1068,19468,travel,friends,sunny,night,1,1,0,0,0
1069,9428,travel,alone,sunny,morning,1,0,0,0,0
1070,8281,work,alone,snowy,morning,1,1,1,0,0
1071,8891,travel,friends,sunny,evening,1,1,0,0,0
1072,2271,travel,alone,sunny,afternoon,1,0,0,0,0
1073,14664,travel,alone,snowy,night,1,1,0,0,0
1074,16351,travel,alone,sunny,evening,1,0,0,0,1
1075,8608,travel,family,rainy,evening,1,0,0,19,1
1076,8012,work,alone,sunny,morning,1,0,0,0,1
1077,8081,travel,alone,rainy,morning,1,1,0,0,0
1078,8112,work,alone,sunny,morning,1,0,0,0,1
1079,6719,travel,friends,sunny,evening,1,1,0,23,0
1080,1141,travel,alone,rainy,morning,1,0,0,0,0
1081,11320,travel,alone,sunny,morning,1,0,0,0,0
1082,5577,travel,alone,snowy,morning,1,1,0,0,0
1083,7719,travel,alone,rainy,night,1,0,0,0,1
1084,2394,travel,alone,snowy,evening,1,1,0,35,0
1085,2071,work,alone,rainy,morning,1,0,0,0,1
1086,14894,work,alone,rainy,morning,1,0,0,0,0
1087,6502,work,alone,snowy,morning,1,1,1,0,0
1088,7602,work,alone,sunny,morning,1,0,0,0,1
1089,6295,travel,alone,snowy,evening,1,1,1,0,0
1090,15376,work,alone,snowy,morning,1,1,0,0,0
1091,19968,work,alone,snowy,morning,1,1,1,0,0
1092,18772,travel,friends,sunny,night,1,1,0,3,0
1093,16736,travel,friends,sunny,evening,1,1,0,0,0
1094,4572,travel,family,sunny,morning,1,0,0,0,0
1095,2838,travel,family,snowy,morning,1,0,0,0,0
1096,15245,travel,alone,sunny,evening,1,0,0,0,0
1097,15117,travel,family,sunny,night,1,1,0,0,1
1098,15596,travel,family,rainy,evening,1,0,0,0,1
1099,10157,work,alone,rainy,morning,1,0,0,0,0
1100,17202,work,alone,snowy,morning,1,0,0,0,1
1101,8140,travel,friends,sunny,evening,1,1,0,0,0
1102,6721,travel,alone,rainy,morning,1,1,0,0,0
1103,13862,travel,alone,snowy,evening,1,1,0,15,0
1104,1497,travel,alone,snowy,night,1,1,1,0,0
1105,9787,travel,friends,sunny,evening,1,0,0,0,0
1106,18074,travel,friends,sunny,morning,1,0,0,0,0
1107,19084,travel,friends,snowy,afternoon,1,0,0,20,0
1108,18221,travel,alone,rainy,evening,1,0,0,27,1
1109,16530,travel,alone,rainy,morning,1,1,0,0,0
1110,1906,travel,family,sunny,evening,1,1,0,7,0
1111,17979,work,alone,rainy,morning,1,0,0,0,1
