,id,mobile_plan,accept
0,7067.0,datasilver,1.0
1,2114.0,socialmediagold,1.0
2,6582.0,datasilver,1.0
3,11379.0,datasilver,0.0
4,3986.0,datacall,1.0
5,18895.0,socialmedia,1.0
6,15411.0,datasilver,0.0
7,9479.0,socialmedia,0.0
8,6066.0,socialmedia,1.0
9,4993.0,datasilver,1.0
10,16677.0,datasilver,0.0
11,12449.0,datasilver,1.0
12,7488.0,socialmediagold,1.0
13,16063.0,socialmedia,1.0
14,3687.0,socialmedia,1.0
15,19554.0,socialmedia,1.0
16,13548.0,socialmedia,0.0
17,9635.0,socialmediagold,1.0
18,9065.0,datacall,1.0
19,9063.0,datasilver,1.0
20,4097.0,socialmediagold,1.0
21,16457.0,datasilver,0.0
22,5225.0,datagold,1.0
23,14587.0,socialmedia,1.0
24,11945.0,socialmedia,0.0
25,19981.0,datacall,1.0
26,5942.0,datagold,0.0
27,2482.0,datasilver,1.0
28,1331.0,socialmedia,1.0
29,10734.0,datagold,1.0
30,2379.0,socialmediagold,0.0
31,16826.0,datasilver,1.0
32,4701.0,socialmediagold,0.0
33,10078.0,datasilver,1.0
34,2810.0,datasilver,1.0
35,8146.0,socialmedia,0.0
36,15925.0,socialmedia,0.0
37,10381.0,datasilver,0.0
38,7211.0,socialmedia,1.0
39,5365.0,socialmedia,1.0
40,16974.0,socialmedia,1.0
41,16815.0,socialmedia,1.0
42,14365.0,datacall,0.0
43,2638.0,socialmedia,1.0
44,1731.0,datasilver,1.0
45,14732.0,socialmedia,1.0
46,5080.0,socialmedia,1.0
47,10049.0,socialmediagold,1.0
48,18547.0,socialmedia,1.0
49,3506.0,datasilver,1.0
50,13943.0,socialmediagold,1.0
51,14077.0,socialmediagold,1.0
52,18165.0,socialmedia,1.0
53,17178.0,datasilver,0.0
54,12426.0,datacall,0.0
55,1819.0,datacall,1.0
56,8067.0,socialmediagold,1.0
57,14390.0,datasilver,1.0
58,6548.0,datasilver,1.0
59,8922.0,socialmediagold,1.0
60,8231.0,socialmedia,1.0
61,16405.0,socialmedia,1.0
62,5619.0,datagold,1.0
63,15489.0,socialmedia,1.0
64,12882.0,datacall,0.0
65,16852.0,datasilver,1.0
66,14790.0,datasilver,1.0
67,19292.0,socialmediagold,1.0
68,9334.0,socialmedia,1.0
69,3171.0,socialmedia,1.0
70,11211.0,socialmedia,1.0
71,9767.0,socialmedia,0.0
72,13703.0,datagold,0.0
73,19696.0,socialmediagold,1.0
74,6430.0,datasilver,0.0
75,17396.0,datagold,1.0
76,18477.0,socialmediagold,0.0
77,5744.0,datasilver,1.0
78,7946.0,socialmedia,1.0
79,18508.0,datasilver,0.0
80,9598.0,socialmedia,0.0
81,9750.0,socialmedia,1.0
82,18244.0,socialmedia,1.0
83,6675.0,datasilver,1.0
84,14529.0,datasilver,1.0
85,1073.0,datasilver,1.0
86,13544.0,datagold,1.0
87,17137.0,socialmedia,1.0
88,5063.0,socialmediagold,1.0
89,13362.0,datasilver,1.0
90,2626.0,socialmedia,0.0
91,8488.0,datasilver,1.0
92,4761.0,socialmedia,1.0
93,12088.0,socialmedia,1.0
94,12726.0,socialmedia,1.0
95,18936.0,socialmedia,1.0
96,3634.0,datagold,1.0
97,16141.0,socialmediagold,0.0
98,8449.0,socialmediagold,0.0
99,13925.0,datasilver,1.0
100,3380.0,socialmedia,1.0
101,14493.0,datagold,1.0
102,7757.0,socialmedia,1.0
103,3825.0,socialmediagold,1.0
104,10231.0,socialmedia,1.0
105,17615.0,socialmediagold,0.0
106,5661.0,datagold,1.0
107,11017.0,datacall,1.0
108,6453.0,datasilver,0.0
109,11563.0,socialmedia,1.0
110,16302.0,datagold,1.0
111,7722.0,socialmediagold,0.0
112,17288.0,datasilver,1.0
113,8434.0,socialmediagold,0.0
114,9457.0,socialmedia,1.0
115,13340.0,socialmediagold,1.0
116,17357.0,datasilver,1.0
117,14420.0,datacall,1.0
118,19905.0,socialmedia,1.0
119,12980.0,datasilver,1.0
120,5028.0,datasilver,1.0
121,7136.0,datacall,1.0
122,7566.0,socialmedia,1.0
123,13031.0,datacall,1.0
124,12987.0,datagold,1.0
125,4074.0,datasilver,1.0
126,7751.0,socialmediagold,1.0
127,1878.0,datasilver,1.0
128,12773.0,socialmediagold,1.0
129,18388.0,datacall,1.0
130,13316.0,datagold,1.0
131,10256.0,socialmediagold,1.0
132,13853.0,socialmediagold,0.0
133,15067.0,datasilver,1.0
134,11161.0,socialmediagold,1.0
135,6458.0,datasilver,1.0
136,17704.0,socialmediagold,1.0
137,14936.0,socialmedia,1.0
138,5420.0,socialmedia,1.0
139,11993.0,socialmediagold,1.0
140,15894.0,datasilver,0.0
141,6198.0,socialmediagold,1.0
142,14947.0,datagold,1.0
143,15520.0,socialmedia,1.0
144,11475.0,datasilver,0.0
145,16290.0,datasilver,1.0
146,4277.0,datasilver,1.0
147,10917.0,datasilver,1.0
148,12526.0,datasilver,1.0
149,18888.0,datacall,1.0
150,2485.0,datacall,1.0
151,8264.0,datasilver,0.0
152,7467.0,datasilver,0.0
153,15555.0,datasilver,0.0
154,17837.0,socialmedia,1.0
155,1064.0,datasilver,0.0
156,17132.0,socialmediagold,1.0
157,4461.0,datasilver,1.0
158,10434.0,socialmediagold,1.0
159,11410.0,socialmedia,0.0
160,1586.0,socialmedia,1.0
161,11016.0,socialmediagold,1.0
162,19876.0,socialmediagold,1.0
163,16749.0,datacall,1.0
164,19378.0,datasilver,1.0
165,12226.0,socialmediagold,1.0
166,4112.0,datasilver,0.0
167,17670.0,datasilver,1.0
168,13970.0,socialmedia,1.0
169,5472.0,socialmedia,1.0
170,2074.0,datasilver,1.0
171,8553.0,socialmediagold,1.0
172,12014.0,datasilver,1.0
173,16930.0,datasilver,1.0
174,17031.0,datasilver,1.0
175,17678.0,datagold,1.0
176,1729.0,datasilver,1.0
177,17789.0,socialmedia,1.0
178,15305.0,datasilver,0.0
179,6718.0,datacall,0.0
180,7070.0,socialmediagold,1.0
181,2678.0,datasilver,1.0
182,9926.0,datasilver,1.0
183,1152.0,socialmedia,1.0
184,2862.0,socialmedia,0.0
185,5907.0,datasilver,0.0
186,8862.0,socialmedia,1.0
187,7710.0,socialmedia,1.0
188,13706.0,datacall,1.0
189,18206.0,socialmedia,1.0
190,9865.0,datasilver,1.0
191,7194.0,socialmediagold,1.0
192,13168.0,datasilver,1.0
193,9785.0,datasilver,0.0
194,8934.0,socialmediagold,1.0
195,6528.0,datasilver,1.0
196,9770.0,datacall,1.0
197,8311.0,datasilver,1.0
198,7264.0,socialmedia,1.0
199,8305.0,datasilver,0.0
200,16012.0,datasilver,1.0
201,6235.0,socialmedia,1.0
202,16095.0,datagold,0.0
203,9340.0,datasilver,1.0
204,12134.0,datasilver,1.0
205,2193.0,datacall,1.0
206,1756.0,datasilver,1.0
207,3676.0,socialmediagold,1.0
208,1533.0,socialmedia,1.0
209,14473.0,datagold,0.0
210,8324.0,datasilver,1.0
211,7341.0,socialmediagold,1.0
212,1604.0,socialmediagold,1.0
213,7100.0,datasilver,0.0
214,4166.0,datacall,1.0
215,10150.0,datagold,1.0
216,11348.0,socialmedia,1.0
217,14785.0,datasilver,1.0
218,16551.0,socialmediagold,1.0
219,1297.0,datasilver,1.0
220,19400.0,datagold,1.0
221,19934.0,datasilver,1.0
222,10678.0,socialmediagold,1.0
223,19203.0,socialmedia,1.0
224,12404.0,socialmedia,1.0
225,3752.0,datasilver,1.0
226,1767.0,datasilver,1.0
227,8863.0,socialmedia,1.0
228,7803.0,datasilver,1.0
229,10109.0,socialmediagold,1.0
230,1745.0,socialmediagold,1.0
231,19183.0,datasilver,1.0
232,11321.0,socialmediagold,1.0
233,3944.0,datasilver,1.0
234,16676.0,datasilver,0.0
235,15348.0,datasilver,1.0
236,14642.0,socialmediagold,1.0
237,9539.0,datasilver,1.0
238,10207.0,datasilver,0.0
239,19332.0,socialmedia,1.0
240,18137.0,socialmedia,1.0
241,5999.0,socialmedia,1.0
242,7513.0,socialmedia,1.0
243,3119.0,datasilver,0.0
244,13203.0,socialmediagold,1.0
245,1298.0,datasilver,1.0
246,1555.0,socialmediagold,1.0
247,3851.0,socialmedia,0.0
248,3297.0,datasilver,1.0
249,13662.0,socialmedia,1.0
250,14054.0,socialmediagold,1.0
251,14020.0,socialmedia,1.0
252,5346.0,datasilver,1.0
253,2946.0,socialmedia,1.0
254,1476.0,datasilver,1.0
255,15599.0,datasilver,0.0
256,17972.0,socialmediagold,1.0
257,18032.0,socialmedia,0.0
258,17785.0,datasilver,0.0
259,15859.0,socialmedia,1.0
260,18606.0,datacall,1.0
261,3422.0,datasilver,1.0
262,9234.0,datagold,1.0
263,8570.0,datasilver,1.0
264,16616.0,socialmediagold,1.0
265,8118.0,datasilver,1.0
266,13858.0,socialmediagold,1.0
267,12922.0,socialmediagold,1.0
268,2445.0,socialmediagold,1.0
269,2169.0,datasilver,1.0
270,6141.0,datagold,1.0
271,1143.0,socialmedia,1.0
272,8276.0,datasilver,1.0
273,10283.0,socialmedia,1.0
274,19622.0,socialmediagold,1.0
275,18844.0,socialmediagold,0.0
276,8715.0,socialmediagold,0.0
277,10513.0,socialmediagold,1.0
278,14834.0,datasilver,1.0
279,15778.0,datasilver,1.0
280,2941.0,socialmedia,1.0
281,15095.0,socialmediagold,1.0
282,12964.0,socialmedia,1.0
283,8812.0,datasilver,1.0
284,14806.0,datasilver,0.0
285,10738.0,socialmediagold,1.0
286,7504.0,socialmedia,0.0
287,12608.0,datacall,1.0
288,13574.0,socialmediagold,1.0
289,3187.0,socialmedia,1.0
290,2639.0,socialmedia,1.0
291,5548.0,datasilver,1.0
292,7286.0,socialmedia,1.0
293,4288.0,socialmedia,1.0
294,17862.0,datasilver,1.0
295,3591.0,socialmediagold,0.0
296,9563.0,datasilver,0.0
297,11970.0,socialmediagold,1.0
298,3605.0,socialmedia,1.0
299,19477.0,socialmediagold,0.0
300,5918.0,socialmedia,1.0
301,6177.0,datagold,0.0
302,13397.0,datasilver,0.0
303,9045.0,socialmedia,0.0
304,15769.0,socialmediagold,0.0
305,14957.0,socialmedia,1.0
306,18762.0,socialmedia,1.0
307,2175.0,datasilver,1.0
308,8895.0,socialmediagold,1.0
309,9328.0,datasilver,1.0
310,1300.0,socialmediagold,0.0
311,10171.0,socialmediagold,1.0
312,1276.0,socialmedia,1.0
313,2340.0,socialmedia,0.0
314,13501.0,socialmedia,0.0
315,17545.0,socialmedia,1.0
316,9718.0,datasilver,1.0
317,8055.0,socialmedia,1.0
318,6555.0,socialmediagold,1.0
319,9794.0,socialmediagold,1.0
320,5013.0,socialmedia,1.0
321,17394.0,socialmediagold,1.0
322,2970.0,datasilver,1.0
323,17481.0,datasilver,0.0
324,5432.0,datasilver,1.0
325,10972.0,socialmedia,1.0
326,11958.0,socialmediagold,1.0
327,16777.0,datasilver,1.0
328,5130.0,socialmedia,1.0
329,17948.0,datasilver,1.0
330,4494.0,datasilver,1.0
331,16362.0,socialmedia,1.0
332,4715.0,socialmediagold,1.0
333,9519.0,socialmedia,1.0
334,16610.0,socialmediagold,1.0
335,15580.0,datasilver,1.0
336,7143.0,datacall,1.0
337,2725.0,socialmedia,1.0
338,12348.0,socialmedia,1.0
339,17946.0,socialmedia,1.0
340,16133.0,socialmedia,0.0
341,7280.0,socialmedia,0.0
342,11003.0,socialmediagold,1.0
343,3568.0,datagold,1.0
344,4446.0,datacall,1.0
345,12886.0,socialmedia,1.0
346,15768.0,datacall,1.0
347,9619.0,socialmedia,0.0
348,11539.0,datasilver,1.0
349,15821.0,socialmediagold,1.0
350,13884.0,socialmedia,1.0
351,18591.0,socialmediagold,1.0
352,15389.0,datacall,1.0
353,9412.0,socialmediagold,1.0
354,6254.0,datacall,1.0
355,8421.0,socialmediagold,1.0
356,3069.0,datasilver,1.0
357,11323.0,socialmediagold,1.0
358,17672.0,datagold,0.0
359,16167.0,datasilver,1.0
360,13817.0,socialmedia,0.0
361,16077.0,socialmedia,0.0
362,3335.0,datasilver,1.0
363,2804.0,socialmediagold,1.0
364,18736.0,socialmedia,1.0
365,17884.0,datagold,1.0
366,9287.0,datasilver,1.0
367,13487.0,datacall,1.0
368,1460.0,socialmedia,1.0
369,6662.0,datasilver,1.0
370,12354.0,socialmediagold,1.0
371,7033.0,datagold,1.0
372,19268.0,datagold,1.0
373,17239.0,datagold,1.0
374,8988.0,socialmedia,1.0
375,15763.0,socialmedia,1.0
376,17430.0,socialmediagold,1.0
377,6999.0,socialmedia,0.0
378,5996.0,datagold,1.0
379,19961.0,datacall,0.0
380,10916.0,datasilver,1.0
381,3352.0,datagold,1.0
382,14056.0,datagold,1.0
383,8026.0,socialmedia,0.0
384,14061.0,datasilver,1.0
385,9709.0,socialmedia,1.0
386,14964.0,socialmedia,1.0
387,2939.0,socialmediagold,1.0
388,1425.0,datasilver,1.0
389,12792.0,socialmedia,1.0
390,10062.0,socialmedia,1.0
391,11356.0,socialmedia,1.0
392,17418.0,datasilver,1.0
393,8106.0,datagold,1.0
394,14677.0,datacall,1.0
395,14720.0,socialmedia,1.0
396,9066.0,datagold,1.0
397,14181.0,socialmediagold,1.0
398,2312.0,datagold,1.0
399,1270.0,datasilver,1.0
400,13982.0,datacall,0.0
401,12545.0,socialmedia,1.0
402,3498.0,socialmediagold,0.0
403,14959.0,socialmediagold,1.0
404,3579.0,datasilver,1.0
405,12304.0,datasilver,1.0
406,19673.0,socialmedia,1.0
407,5615.0,datasilver,1.0
408,5218.0,socialmediagold,1.0
409,9497.0,datacall,1.0
410,4986.0,socialmediagold,1.0
411,17395.0,socialmediagold,1.0
412,4023.0,datacall,0.0
413,10537.0,socialmediagold,1.0
414,15269.0,datagold,1.0
415,4599.0,datagold,1.0
416,5592.0,datagold,1.0
417,6155.0,socialmediagold,1.0
418,18735.0,datacall,1.0
419,17399.0,socialmediagold,0.0
420,8384.0,socialmedia,1.0
421,8968.0,datasilver,1.0
422,19718.0,socialmediagold,0.0
423,6229.0,datasilver,1.0
424,5499.0,socialmedia,1.0
425,16071.0,socialmediagold,1.0
426,6910.0,datasilver,1.0
427,18859.0,socialmediagold,1.0
428,18155.0,datagold,0.0
429,1326.0,socialmedia,1.0
430,8078.0,datacall,1.0
431,2918.0,datagold,1.0
432,10817.0,datacall,1.0
433,19411.0,socialmediagold,0.0
434,11524.0,socialmediagold,1.0
435,6432.0,datagold,1.0
436,2937.0,datasilver,1.0
437,14873.0,socialmedia,1.0
438,16560.0,socialmedia,0.0
439,2436.0,socialmediagold,1.0
440,15849.0,socialmedia,1.0
441,6475.0,socialmediagold,1.0
442,4361.0,socialmediagold,1.0
443,16332.0,socialmedia,1.0
444,18998.0,socialmedia,1.0
445,19775.0,socialmedia,1.0
446,17264.0,socialmediagold,1.0
447,19320.0,socialmediagold,1.0
448,18639.0,datasilver,1.0
449,1321.0,socialmediagold,1.0
450,9120.0,datasilver,0.0
451,19101.0,socialmediagold,1.0
452,4532.0,socialmediagold,1.0
453,2381.0,socialmediagold,1.0
454,5269.0,datasilver,1.0
455,6102.0,socialmediagold,1.0
456,5923.0,datagold,1.0
457,14604.0,socialmedia,1.0
458,17913.0,socialmediagold,0.0
459,2834.0,datasilver,0.0
460,13220.0,datagold,1.0
461,16212.0,socialmediagold,1.0
462,18181.0,socialmedia,1.0
463,5919.0,datacall,1.0
464,7778.0,datacall,1.0
465,18680.0,socialmediagold,1.0
466,5076.0,socialmediagold,1.0
467,13554.0,datasilver,1.0
468,15809.0,socialmedia,1.0
469,5487.0,socialmedia,1.0
470,4221.0,socialmedia,1.0
471,11102.0,socialmediagold,1.0
472,11316.0,socialmediagold,1.0
473,11201.0,datasilver,1.0
474,2093.0,datasilver,1.0
475,11030.0,socialmediagold,1.0
476,10856.0,socialmediagold,1.0
477,7945.0,datacall,1.0
478,14275.0,socialmedia,1.0
479,19879.0,socialmedia,1.0
480,7154.0,socialmedia,1.0
481,1574.0,socialmedia,1.0
482,1834.0,datagold,0.0
483,19806.0,socialmediagold,1.0
484,2665.0,datacall,1.0
485,2928.0,datacall,1.0
486,5742.0,socialmedia,1.0
487,14184.0,datacall,1.0
488,10946.0,datagold,1.0
489,5664.0,socialmediagold,1.0
490,1090.0,datacall,1.0
491,6078.0,socialmedia,1.0
492,16928.0,socialmedia,0.0
493,18564.0,datasilver,1.0
494,18229.0,socialmedia,1.0
495,9992.0,socialmedia,1.0
496,15133.0,socialmedia,1.0
497,13177.0,socialmediagold,1.0
498,17577.0,socialmedia,1.0
499,4951.0,datasilver,1.0
500,18459.0,datacall,1.0
501,17322.0,datagold,1.0
502,1795.0,datacall,1.0
503,9705.0,socialmedia,1.0
504,5328.0,socialmediagold,1.0
505,1883.0,datasilver,0.0
506,19191.0,datasilver,1.0
507,11580.0,socialmediagold,1.0
508,14108.0,datacall,1.0
509,13352.0,datasilver,0.0
510,14583.0,datacall,0.0
511,11134.0,datacall,0.0
512,9549.0,socialmedia,1.0
513,8383.0,socialmediagold,1.0
514,18266.0,socialmediagold,1.0
515,2407.0,datasilver,1.0
516,9886.0,socialmedia,1.0
517,16345.0,datacall,1.0
518,11877.0,datasilver,0.0
519,1126.0,datagold,0.0
520,14264.0,socialmediagold,1.0
521,6701.0,datasilver,1.0
522,8080.0,socialmediagold,1.0
523,19873.0,socialmediagold,0.0
524,1185.0,socialmedia,1.0
525,10354.0,socialmediagold,1.0
526,8663.0,datasilver,1.0
527,5421.0,socialmedia,1.0
528,9458.0,datasilver,0.0
529,4122.0,socialmediagold,1.0
530,1179.0,datasilver,1.0
531,14072.0,socialmediagold,0.0
532,9800.0,datasilver,1.0
533,3616.0,socialmediagold,1.0
534,4449.0,socialmediagold,1.0
535,4732.0,socialmedia,1.0
536,11422.0,socialmediagold,1.0
537,3108.0,datasilver,0.0
538,6918.0,datacall,1.0
539,19315.0,socialmediagold,1.0
540,9547.0,datagold,1.0
541,7007.0,datacall,0.0
542,14150.0,datagold,1.0
543,2801.0,socialmediagold,0.0
544,5908.0,datagold,0.0
545,1026.0,datasilver,1.0
546,3280.0,socialmediagold,0.0
547,13486.0,socialmedia,1.0
548,18021.0,datacall,0.0
549,2775.0,datasilver,1.0
550,13051.0,datacall,0.0
551,3835.0,datacall,1.0
552,16075.0,datasilver,1.0
553,18943.0,socialmedia,1.0
554,12537.0,datasilver,0.0
555,14818.0,socialmediagold,1.0
556,12597.0,datacall,1.0
557,15729.0,datasilver,1.0
558,11724.0,datacall,0.0
559,2910.0,datasilver,1.0
560,7967.0,socialmediagold,0.0
561,11349.0,datasilver,1.0
562,2150.0,datasilver,1.0
563,2047.0,datasilver,1.0
564,19877.0,datasilver,1.0
565,6355.0,socialmedia,1.0
566,13241.0,datasilver,1.0
567,7002.0,socialmediagold,1.0
568,16849.0,socialmedia,0.0
569,4144.0,socialmedia,1.0
570,8407.0,socialmediagold,0.0
571,15608.0,socialmediagold,1.0
572,18176.0,datasilver,1.0
573,15662.0,datasilver,1.0
574,13256.0,datagold,0.0
575,13438.0,socialmediagold,1.0
576,8520.0,socialmediagold,1.0
577,9692.0,socialmedia,0.0
578,18262.0,socialmediagold,1.0
579,4490.0,datasilver,1.0
580,2681.0,datacall,0.0
581,3117.0,socialmediagold,1.0
582,17912.0,socialmediagold,1.0
583,11973.0,socialmedia,0.0
584,17962.0,socialmediagold,0.0
585,16927.0,datacall,0.0
586,13569.0,datagold,0.0
587,7797.0,datacall,0.0
588,12957.0,datagold,0.0
589,2809.0,socialmedia,0.0
590,8508.0,datacall,0.0
591,13689.0,socialmedia,0.0
592,7837.0,socialmediagold,0.0
593,4640.0,socialmedia,0.0
594,9817.0,socialmedia,0.0
595,12524.0,socialmediagold,0.0
596,10979.0,socialmedia,0.0
597,8978.0,socialmedia,0.0
598,1736.0,socialmedia,0.0
599,19316.0,datacall,0.0
600,7900.0,socialmedia,0.0
601,6930.0,datacall,0.0
602,5780.0,datacall,0.0
603,11438.0,socialmedia,0.0
604,13407.0,datacall,0.0
605,9556.0,socialmediagold,0.0
606,9398.0,socialmedia,0.0
607,11653.0,datagold,0.0
608,3988.0,socialmedia,0.0
609,11355.0,datasilver,0.0
610,15304.0,datacall,0.0
611,9183.0,datacall,0.0
612,15334.0,datagold,0.0
613,3598.0,socialmedia,0.0
614,1091.0,datacall,0.0
615,4955.0,socialmediagold,0.0
616,12386.0,datasilver,0.0
617,17579.0,socialmediagold,0.0
618,12309.0,socialmedia,0.0
619,3141.0,socialmediagold,0.0
620,6646.0,datasilver,0.0
621,1930.0,datacall,0.0
622,9417.0,datagold,0.0
623,11780.0,datacall,0.0
624,9932.0,socialmedia,0.0
625,11816.0,socialmedia,0.0
626,11692.0,socialmedia,0.0
627,1060.0,socialmedia,0.0
628,19627.0,socialmedia,0.0
629,19993.0,socialmediagold,0.0
630,15724.0,datacall,0.0
631,16074.0,datagold,0.0
632,7299.0,socialmediagold,0.0
633,17015.0,socialmedia,0.0
634,19317.0,socialmediagold,0.0
635,19206.0,socialmedia,0.0
636,3200.0,socialmediagold,0.0
637,7164.0,socialmedia,0.0
638,14257.0,datagold,0.0
639,13334.0,socialmedia,0.0
640,6165.0,socialmedia,0.0
641,1292.0,socialmedia,0.0
642,5345.0,socialmedia,0.0
643,13614.0,socialmedia,0.0
644,4730.0,datagold,0.0
645,13122.0,socialmedia,0.0
646,11636.0,datagold,0.0
647,5374.0,datasilver,0.0
648,9420.0,datacall,0.0
649,16288.0,datacall,0.0
650,17638.0,datacall,0.0
651,10733.0,datasilver,0.0
652,2884.0,socialmedia,0.0
653,13417.0,socialmedia,0.0
654,4510.0,datasilver,0.0
655,10391.0,datasilver,0.0
656,14436.0,datacall,0.0
657,12459.0,socialmedia,0.0
658,18872.0,socialmedia,0.0
659,15452.0,socialmedia,0.0
660,13163.0,socialmedia,0.0
661,9819.0,datacall,0.0
662,9454.0,datasilver,0.0
663,19535.0,socialmedia,0.0
664,1908.0,socialmediagold,0.0
665,1175.0,socialmedia,0.0
666,8975.0,socialmedia,0.0
667,18431.0,socialmedia,0.0
668,8396.0,datagold,0.0
669,11707.0,datagold,0.0
670,16966.0,datagold,0.0
671,3662.0,socialmediagold,0.0
672,15327.0,datacall,0.0
673,17032.0,socialmedia,0.0
674,16817.0,socialmedia,0.0
675,7410.0,socialmedia,0.0
676,4562.0,datacall,0.0
677,17564.0,socialmedia,0.0
678,13725.0,socialmedia,0.0
679,14966.0,socialmediagold,0.0
680,4983.0,socialmedia,0.0
681,7118.0,datacall,0.0
682,5252.0,datacall,0.0
683,15632.0,socialmedia,0.0
684,10197.0,datacall,0.0
685,4941.0,socialmediagold,0.0
686,17676.0,socialmedia,0.0
687,10970.0,socialmediagold,0.0
688,6677.0,datasilver,0.0
689,2877.0,socialmedia,0.0
690,8164.0,socialmediagold,0.0
691,13712.0,socialmedia,0.0
692,8155.0,datacall,0.0
693,18118.0,socialmedia,0.0
694,14506.0,datasilver,0.0
695,13911.0,datacall,0.0
696,5991.0,socialmediagold,0.0
697,14871.0,socialmedia,0.0
698,15915.0,datacall,0.0
699,8974.0,socialmedia,0.0
700,14740.0,socialmedia,0.0
701,7621.0,socialmedia,0.0
702,9059.0,socialmedia,0.0
703,1334.0,socialmedia,0.0
704,15414.0,socialmedia,0.0
705,14329.0,socialmedia,0.0
706,9446.0,datacall,0.0
707,3711.0,datagold,0.0
708,17019.0,socialmediagold,0.0
709,1796.0,socialmedia,0.0
710,6086.0,datasilver,0.0
711,7198.0,datacall,0.0
712,14937.0,socialmedia,0.0
713,6326.0,socialmedia,0.0
714,10765.0,datacall,0.0
715,15399.0,socialmedia,0.0
716,1133.0,socialmedia,0.0
717,2072.0,datacall,0.0
718,7849.0,datagold,0.0
719,8181.0,socialmediagold,0.0
720,16411.0,socialmedia,0.0
721,2991.0,socialmedia,0.0
722,12198.0,datacall,0.0
723,5410.0,socialmedia,0.0
724,19060.0,datagold,0.0
725,15996.0,socialmedia,0.0
726,18652.0,socialmedia,0.0
727,12598.0,datasilver,0.0
728,5042.0,datasilver,0.0
729,12197.0,datacall,0.0
730,1625.0,socialmedia,0.0
731,15459.0,datacall,0.0
732,9505.0,datagold,0.0
733,9238.0,datacall,0.0
734,17313.0,socialmediagold,0.0
735,8684.0,socialmediagold,0.0
736,10151.0,socialmedia,0.0
737,13240.0,socialmedia,0.0
738,15757.0,socialmedia,0.0
739,3790.0,socialmedia,0.0
740,8842.0,socialmedia,0.0
741,16632.0,socialmedia,0.0
742,2954.0,datacall,0.0
743,19200.0,socialmedia,0.0
744,12069.0,socialmedia,0.0
745,14543.0,datagold,0.0
746,15153.0,socialmedia,0.0
747,14303.0,socialmedia,0.0
748,12484.0,socialmedia,0.0
749,4167.0,socialmedia,0.0
750,6313.0,datasilver,0.0
751,17851.0,socialmedia,0.0
752,19995.0,datasilver,0.0
753,1313.0,socialmediagold,0.0
754,2418.0,socialmedia,0.0
755,8755.0,datasilver,0.0
756,2692.0,datasilver,0.0
757,8360.0,datacall,0.0
758,9416.0,socialmedia,0.0
759,13233.0,socialmedia,0.0
760,19853.0,datacall,0.0
761,2205.0,datagold,0.0
762,11026.0,socialmedia,0.0
763,15352.0,socialmedia,0.0
764,9650.0,datacall,0.0
765,11774.0,datagold,0.0
766,13968.0,socialmedia,0.0
767,6890.0,datasilver,0.0
768,17179.0,datacall,0.0
769,16297.0,socialmedia,0.0
770,7584.0,socialmedia,0.0
771,17908.0,socialmedia,0.0
772,10014.0,datasilver,0.0
773,8673.0,datacall,0.0
774,19771.0,socialmedia,0.0
775,1829.0,socialmedia,0.0
776,13265.0,socialmedia,0.0
777,2151.0,socialmedia,0.0
778,14844.0,socialmedia,0.0
779,13647.0,socialmediagold,0.0
780,1727.0,datacall,0.0
781,9629.0,datasilver,0.0
782,4515.0,datagold,0.0
783,5932.0,socialmedia,0.0
784,6175.0,datacall,0.0
785,12251.0,datasilver,0.0
786,7929.0,socialmediagold,0.0
787,1801.0,datasilver,0.0
788,7549.0,socialmedia,0.0
789,19747.0,socialmedia,0.0
790,17508.0,socialmedia,0.0
791,15163.0,datasilver,0.0
792,16556.0,socialmedia,0.0
793,12508.0,socialmedia,0.0
794,6893.0,datacall,0.0
795,15448.0,socialmedia,0.0
796,11983.0,socialmediagold,0.0
797,9039.0,socialmedia,0.0
798,4435.0,datasilver,0.0
799,17668.0,socialmedia,0.0
800,4488.0,datacall,0.0
801,8712.0,socialmedia,0.0
802,17084.0,datasilver,0.0
803,18291.0,datasilver,0.0
804,10449.0,datagold,0.0
805,15231.0,datacall,0.0
806,7890.0,socialmediagold,0.0
807,13899.0,socialmedia,0.0
808,3202.0,socialmedia,0.0
809,13116.0,socialmedia,0.0
810,1733.0,datasilver,0.0
811,9867.0,datagold,0.0
812,16730.0,socialmedia,0.0
813,18546.0,socialmedia,0.0
814,2278.0,datacall,0.0
815,8569.0,socialmedia,0.0
816,7188.0,socialmedia,0.0
817,14040.0,socialmediagold,0.0
818,11210.0,datagold,0.0
819,9835.0,datacall,0.0
820,5271.0,datasilver,0.0
821,5817.0,datasilver,0.0
822,10715.0,datasilver,0.0
823,19310.0,socialmedia,0.0
824,3251.0,datacall,0.0
825,4940.0,socialmedia,0.0
826,1036.0,socialmedia,0.0
827,5974.0,datasilver,0.0
828,15431.0,socialmediagold,0.0
829,11048.0,socialmedia,0.0
830,18983.0,socialmediagold,0.0
831,12878.0,datacall,0.0
832,3223.0,datasilver,0.0
833,2311.0,datagold,0.0
834,7442.0,socialmedia,0.0
835,14569.0,socialmedia,0.0
836,14023.0,socialmedia,0.0
837,8933.0,socialmedia,0.0
838,18351.0,datagold,0.0
839,14586.0,datagold,0.0
840,10174.0,socialmedia,0.0
841,9056.0,datacall,0.0
842,13967.0,datasilver,0.0
843,14332.0,socialmedia,0.0
844,19798.0,datasilver,0.0
845,2002.0,socialmedia,0.0
846,13963.0,socialmedia,0.0
847,15275.0,datacall,0.0
848,19104.0,datagold,0.0
849,18455.0,socialmedia,0.0
850,17070.0,datagold,0.0
851,17012.0,datasilver,0.0
852,3319.0,datacall,0.0
853,11808.0,datacall,0.0
854,7487.0,datacall,0.0
855,5003.0,datasilver,0.0
856,10273.0,socialmedia,0.0
857,2722.0,datasilver,0.0
858,15301.0,datagold,0.0
859,9035.0,datacall,0.0
860,8152.0,socialmediagold,0.0
861,17679.0,socialmedia,0.0
862,15485.0,datasilver,0.0
863,3228.0,datacall,0.0
864,14673.0,socialmedia,0.0
865,13684.0,datagold,0.0
866,10412.0,datacall,0.0
867,17228.0,socialmedia,0.0
868,10192.0,datasilver,0.0
869,12848.0,datacall,0.0
870,1788.0,socialmediagold,0.0
871,10493.0,datasilver,0.0
872,6414.0,datagold,0.0
873,1597.0,socialmediagold,0.0
874,14609.0,datacall,0.0
875,16896.0,datacall,0.0
876,3204.0,socialmediagold,0.0
877,1327.0,datagold,0.0
878,4114.0,datasilver,0.0
879,2322.0,datacall,0.0
880,13974.0,datacall,0.0
881,3957.0,socialmediagold,0.0
882,7390.0,datagold,0.0
883,9255.0,socialmedia,0.0
884,1399.0,datasilver,0.0
885,17401.0,socialmediagold,0.0
886,14261.0,socialmediagold,0.0
887,12453.0,datacall,0.0
888,2427.0,socialmedia,0.0
889,18128.0,socialmedia,0.0
890,19553.0,datagold,0.0
891,10403.0,socialmediagold,0.0
892,12800.0,datasilver,0.0
893,12596.0,datacall,0.0
894,5638.0,socialmediagold,0.0
895,17233.0,datagold,0.0
896,15571.0,datagold,0.0
897,13200.0,socialmediagold,0.0
898,18036.0,datagold,0.0
899,2268.0,datasilver,0.0
900,9821.0,datasilver,0.0
901,10810.0,datacall,0.0
902,8930.0,datasilver,0.0
903,5558.0,datasilver,0.0
904,4503.0,datasilver,0.0
905,18609.0,datacall,0.0
906,3379.0,datasilver,0.0
907,15298.0,datagold,0.0
908,1014.0,socialmedia,0.0
909,8944.0,socialmedia,0.0
910,14838.0,datasilver,0.0
911,8315.0,socialmedia,0.0
912,15249.0,datagold,0.0
913,12871.0,datacall,0.0
914,11168.0,datacall,0.0
915,4358.0,datacall,0.0
916,6493.0,datagold,0.0
917,11809.0,socialmedia,0.0
918,7111.0,datacall,0.0
919,5533.0,datagold,0.0
920,11394.0,datagold,0.0
921,10252.0,datacall,0.0
922,13824.0,datacall,0.0
923,10614.0,socialmedia,0.0
924,9254.0,datasilver,0.0
925,9611.0,datacall,0.0
926,7036.0,socialmediagold,0.0
927,16379.0,socialmediagold,0.0
928,12232.0,datagold,0.0
929,19369.0,socialmedia,0.0
930,1565.0,datasilver,0.0
931,19540.0,datasilver,0.0
932,1454.0,datasilver,0.0
933,6243.0,datasilver,0.0
934,6178.0,socialmedia,0.0
935,1111.0,datagold,0.0
936,5894.0,socialmedia,0.0
937,9102.0,datagold,0.0
938,3386.0,datasilver,0.0
939,14670.0,socialmediagold,0.0
940,5423.0,datagold,0.0
941,17043.0,datasilver,0.0
942,3572.0,socialmedia,0.0
943,9256.0,socialmedia,0.0
944,15948.0,datasilver,0.0
945,19274.0,socialmediagold,0.0
946,12734.0,socialmediagold,0.0
947,16042.0,datasilver,0.0
948,2754.0,datacall,0.0
949,3123.0,socialmediagold,0.0
950,17206.0,datacall,0.0
951,15746.0,datacall,0.0
952,7024.0,datacall,0.0
953,14644.0,datagold,0.0
954,7278.0,datacall,0.0
955,16234.0,socialmediagold,0.0
956,14199.0,datacall,0.0
957,18433.0,socialmediagold,0.0
958,19312.0,socialmedia,0.0
959,18607.0,datacall,0.0
960,12958.0,datagold,0.0
961,9784.0,datagold,0.0
962,16508.0,datacall,0.0
963,12989.0,socialmedia,0.0
964,6956.0,datasilver,0.0
965,12923.0,datacall,0.0
966,7578.0,datasilver,0.0
967,6856.0,datagold,0.0
968,5546.0,datacall,0.0
969,16421.0,socialmediagold,0.0
970,1040.0,socialmedia,0.0
971,13600.0,socialmedia,0.0
972,7378.0,datasilver,0.0
973,7477.0,socialmediagold,0.0
974,6544.0,datacall,0.0
975,9958.0,datasilver,0.0
976,10180.0,datacall,0.0
977,15900.0,datagold,0.0
978,14810.0,socialmediagold,0.0
979,12166.0,datacall,0.0
980,16670.0,socialmediagold,0.0
981,6880.0,datacall,0.0
982,13885.0,socialmediagold,0.0
983,2375.0,socialmediagold,0.0
984,6836.0,datacall,0.0
985,1603.0,socialmedia,0.0
986,3021.0,socialmedia,0.0
987,10100.0,datasilver,0.0
988,8564.0,datasilver,0.0
989,10409.0,socialmediagold,0.0
990,13186.0,datagold,0.0
991,7924.0,datagold,0.0
992,4910.0,socialmediagold,0.0
993,19899.0,socialmedia,0.0
994,1205.0,datasilver,0.0
995,17424.0,datasilver,0.0
996,7293.0,socialmediagold,0.0
997,19543.0,datacall,0.0
998,3994.0,socialmediagold,0.0
999,2733.0,datagold,0.0
1000,9219.0,datacall,0.0
1001,13445.0,datasilver,0.0
1002,17516.0,socialmediagold,0.0
1003,12993.0,datacall,0.0
1004,8213.0,socialmedia,0.0
1005,18364.0,datasilver,0.0
1006,12495.0,socialmedia,0.0
1007,13165.0,datasilver,0.0
1008,10305.0,socialmediagold,0.0
1009,8032.0,socialmedia,0.0
1010,4623.0,socialmedia,0.0
1011,1938.0,socialmediagold,0.0
1012,15836.0,datacall,0.0
1013,6755.0,socialmedia,0.0
1014,1431.0,socialmedia,0.0
1015,4142.0,datacall,0.0
1016,14535.0,datasilver,0.0
1017,4542.0,datacall,0.0
1018,11822.0,socialmedia,0.0
1019,14509.0,datacall,0.0
1020,5949.0,datasilver,0.0
1021,4645.0,datagold,0.0
1022,18255.0,socialmediagold,0.0
1023,18990.0,datacall,0.0
1024,17367.0,socialmedia,0.0
1025,12283.0,datacall,0.0
1026,16064.0,datacall,0.0
1027,8482.0,socialmediagold,0.0
1028,19562.0,datasilver,0.0
1029,19565.0,socialmediagold,0.0
1030,2767.0,datagold,0.0
1031,14941.0,datasilver,0.0
1032,15016.0,socialmediagold,0.0
1033,2149.0,datasilver,0.0
1034,3029.0,datacall,0.0
1035,17203.0,datacall,0.0
1036,4442.0,socialmedia,0.0
1037,11458.0,datacall,0.0
1038,2345.0,datacall,0.0
1039,14367.0,datacall,0.0
1040,16548.0,datagold,0.0
1041,14190.0,datacall,0.0
1042,17285.0,datagold,0.0
1043,18581.0,datagold,0.0
1044,16221.0,datagold,0.0
1045,16783.0,datasilver,0.0
1046,3632.0,socialmediagold,0.0
1047,7414.0,socialmedia,0.0
1048,11443.0,socialmedia,0.0
1049,19488.0,datacall,0.0
1050,18027.0,datagold,0.0
1051,16954.0,datacall,0.0
1052,15625.0,datagold,0.0
1053,9201.0,datacall,0.0
1054,5892.0,datacall,0.0
1055,15054.0,datasilver,0.0
1056,14338.0,datagold,0.0
1057,5659.0,datacall,0.0
1058,5811.0,socialmedia,0.0
1059,16176.0,datasilver,0.0
1060,8037.0,socialmediagold,0.0
1061,7112.0,socialmedia,0.0
1062,13000.0,socialmedia,0.0
1063,5700.0,socialmediagold,0.0
1064,7875.0,socialmediagold,0.0
1065,16429.0,datagold,0.0
1066,14843.0,datacall,0.0
1067,8150.0,socialmediagold,0.0
1068,19468.0,datacall,0.0
1069,9428.0,datasilver,0.0
1070,8281.0,datacall,0.0
1071,8891.0,datacall,0.0
1072,2271.0,socialmediagold,0.0
1073,14664.0,socialmedia,0.0
1074,16351.0,datagold,0.0
1075,8608.0,socialmediagold,0.0
1076,8012.0,datagold,0.0
1077,8081.0,datacall,0.0
1078,8112.0,datagold,0.0
1079,6719.0,datacall,0.0
1080,1141.0,socialmediagold,0.0
1081,11320.0,datasilver,0.0
1082,5577.0,datasilver,0.0
1083,7719.0,socialmedia,0.0
1084,2394.0,socialmedia,0.0
1085,2071.0,datasilver,0.0
1086,14894.0,socialmediagold,0.0
1087,6502.0,datacall,0.0
1088,7602.0,datagold,0.0
1089,6295.0,socialmediagold,0.0
1090,15376.0,datasilver,0.0
1091,19968.0,datacall,0.0
1092,18772.0,datacall,0.0
1093,16736.0,datacall,0.0
1094,4572.0,datagold,0.0
1095,2838.0,datasilver,0.0
1096,15245.0,socialmediagold,0.0
1097,15117.0,datasilver,0.0
1098,15596.0,socialmediagold,0.0
1099,10157.0,socialmediagold,0.0
1100,17202.0,socialmedia,0.0
1101,8140.0,datacall,0.0
1102,6721.0,datacall,0.0
1103,13862.0,socialmedia,0.0
1104,1497.0,socialmediagold,0.0
1105,9787.0,datasilver,0.0
1106,18074.0,socialmediagold,0.0
1107,19084.0,datasilver,0.0
1108,18221.0,socialmedia,0.0
1109,16530.0,datacall,0.0
1110,1906.0,datagold,0.0
1111,17979.0,datasilver,0.0
1114,15411.0,datasilver,0.0
1115,7488.0,socialmediagold,1.0
1116,7488.0,socialmediagold,1.0
1117,9065.0,datacall,1.0
1119,2482.0,datasilver,1.0
1120,1331.0,socialmedia,1.0
1121,1331.0,socialmedia,1.0
1124,7211.0,socialmedia,1.0
1126,14732.0,socialmedia,1.0
1130,14390.0,datasilver,1.0
1131,16405.0,socialmedia,1.0
1132,14790.0,datasilver,1.0
1133,11211.0,socialmedia,1.0
1135,19696.0,socialmediagold,1.0
1137,17396.0,datagold,1.0
1140,18936.0,socialmedia,1.0
1146,17357.0,datasilver,1.0
1148,4074.0,datasilver,1.0
1149,17704.0,socialmediagold,1.0
1152,15520.0,socialmedia,1.0
1153,12526.0,datasilver,1.0
1154,15555.0,datasilver,0.0
1155,1064.0,datasilver,0.0
1156,5472.0,socialmedia,1.0
1157,8553.0,socialmediagold,1.0
1158,8553.0,socialmediagold,1.0
1160,16930.0,datasilver,1.0
1163,9865.0,datasilver,1.0
1167,1756.0,datasilver,1.0
1168,4166.0,datacall,1.0
1170,14785.0,datasilver,1.0
1171,16551.0,socialmediagold,1.0
1172,16551.0,socialmediagold,1.0
1173,19934.0,datasilver,1.0
1175,10109.0,socialmediagold,1.0
1178,3119.0,datasilver,0.0
1179,3119.0,datasilver,0.0
1182,17972.0,socialmediagold,1.0
1185,8118.0,datasilver,1.0
1193,13501.0,socialmedia,0.0
1194,13501.0,socialmedia,0.0
1196,9794.0,socialmediagold,1.0
1197,16777.0,datasilver,1.0
1198,17948.0,datasilver,1.0
1200,16362.0,socialmedia,1.0
1201,16610.0,socialmediagold,1.0
1204,17946.0,socialmedia,1.0
1208,8421.0,socialmediagold,1.0
1210,8988.0,socialmedia,1.0
1214,2939.0,socialmediagold,1.0
1215,2939.0,socialmediagold,1.0
1217,3498.0,socialmediagold,0.0
1218,3498.0,socialmediagold,0.0
1219,12304.0,datasilver,1.0
1220,10537.0,socialmediagold,1.0
1223,6475.0,socialmediagold,1.0
1225,9120.0,datasilver,0.0
1229,4532.0,socialmediagold,1.0
1231,5269.0,datasilver,1.0
1233,16212.0,socialmediagold,1.0
1237,5076.0,socialmediagold,1.0
1240,5742.0,socialmedia,1.0
1242,6078.0,socialmedia,1.0
1244,18459.0,datacall,1.0
1245,1795.0,datacall,1.0
1247,8663.0,datasilver,1.0
1248,5421.0,socialmedia,1.0
1252,7007.0,datacall,0.0
1257,12537.0,datasilver,0.0
1260,4144.0,socialmedia,1.0
1261,15608.0,socialmediagold,1.0
1263,2681.0,datacall,0.0
1264,2681.0,datacall,0.0
1265,17962.0,socialmediagold,0.0
1267,13689.0,socialmedia,0.0
1268,10979.0,socialmedia,0.0
1269,9398.0,socialmedia,0.0
1270,3988.0,socialmedia,0.0
1271,12386.0,datasilver,0.0
1275,19317.0,socialmediagold,0.0
1281,12459.0,socialmedia,0.0
1285,9454.0,datasilver,0.0
1286,1908.0,socialmediagold,0.0
1287,8396.0,datagold,0.0
1289,16817.0,socialmedia,0.0
1292,10197.0,datacall,0.0
1294,2877.0,socialmedia,0.0
1299,5991.0,socialmediagold,0.0
1304,15399.0,socialmedia,0.0
1307,16411.0,socialmedia,0.0
1308,2991.0,socialmedia,0.0
1309,5042.0,datasilver,0.0
1310,1625.0,socialmedia,0.0
1311,15459.0,datacall,0.0
1315,17851.0,socialmedia,0.0
1316,8755.0,datasilver,0.0
1318,9416.0,socialmedia,0.0
1320,8673.0,datacall,0.0
1322,1829.0,socialmedia,0.0
1324,2151.0,socialmedia,0.0
1325,2151.0,socialmedia,0.0
1326,12508.0,socialmedia,0.0
1330,13116.0,socialmedia,0.0
1332,1733.0,datasilver,0.0
1336,2311.0,datagold,0.0
1340,17070.0,datagold,0.0
1344,16896.0,datacall,0.0
1345,4114.0,datasilver,0.0
1346,4114.0,datasilver,0.0
1347,3957.0,socialmediagold,0.0
1348,3957.0,socialmediagold,0.0
1350,17401.0,socialmediagold,0.0
1355,11394.0,datagold,0.0
1356,13824.0,datacall,0.0
1358,7036.0,socialmediagold,0.0
1360,3123.0,socialmediagold,0.0
1361,7024.0,datacall,0.0
1364,9784.0,datagold,0.0
1366,12166.0,datacall,0.0
1368,6880.0,datacall,0.0
1371,6836.0,datacall,0.0
1372,8564.0,datasilver,0.0
1376,8213.0,socialmedia,0.0
1378,10305.0,socialmediagold,0.0
1381,16064.0,datacall,0.0
1383,14190.0,datacall,0.0
1385,16783.0,datasilver,0.0
1387,16954.0,datacall,0.0
1390,8037.0,socialmediagold,0.0
1393,7602.0,datagold,0.0
